id,county,state,estimate_households_total,estimate_households_total_less_than_10_000,estimate_households_total_10_000_to_14_999,estimate_households_total_15_000_to_24_999,estimate_households_total_25_000_to_34_999,estimate_households_total_35_000_to_49_999,estimate_households_total_50_000_to_74_999,estimate_households_total_75_000_to_99_999,estimate_households_total_100_000_to_149_999,estimate_households_total_150_000_to_199_999,estimate_households_total_200_000_or_more,estimate_households_median_income_dollars,estimate_households_mean_income_dollars,disparity_value,income_class
0500000US01003,Baldwin,Alabama,82325,4.9,3.9,9.4,10.4,16.5,14.1,13.3,16,4.9,6.6,56439,81449,25010,Low
0500000US01015,Calhoun,Alabama,44636,9.6,7.3,8.4,13.1,12.8,18.7,12.2,12.9,2.8,2.2,48156,61137,12981,Very Low
0500000US01043,Cullman,Alabama,32090,4.4,5.4,11,13.2,14.9,22,15.3,8.6,2.9,2.4,50906,61920,11014,Very Low
0500000US01049,DeKalb,Alabama,24880,7.2,8.4,15.6,7.6,16.9,18.9,10.7,11,3,0.7,44208,56777,12569,Very Low
0500000US01051,Elmore,Alabama,30712,2.9,1.9,13.2,10.8,10.3,21,11.4,16.3,6.4,5.8,61854,82576,20722,Middle
0500000US01055,Etowah,Alabama,40053,9.9,6.3,15.9,11.8,13.4,17.5,9.7,10.3,3,2.3,41447,59944,18497,Very Low
0500000US01069,Houston,Alabama,39761,9.2,6,11.2,11.2,12.4,18.9,10.2,11.6,5.2,4.3,50103,69495,19392,Very Low
0500000US01073,Jefferson,Alabama,264753,9.7,5,8.9,10.4,12.6,17,9.8,14.1,5.9,6.6,53944,79833,25889,Very Low
0500000US01077,Lauderdale,Alabama,38761,9.3,7,10.8,10.2,15.2,16.6,13.3,12.5,2.3,2.8,46632,62091,15459,Very Low
0500000US01081,Lee,Alabama,64448,11.2,6.3,11.7,6.3,12.2,17.9,9.8,13,5.7,5.8,53712,78000,24288,Very Low
0500000US01083,Limestone,Alabama,32020,3.7,5.9,8.4,12.2,10.1,16.8,11.8,18.9,6.7,5.5,63695,83580,19885,Middle
0500000US01089,Madison,Alabama,155878,5.2,4.4,8.9,8.8,11.7,14.5,12.4,17.5,9.2,7.3,67930,88904,20974,High
0500000US01095,Marshall,Alabama,35330,8,4.6,12.6,8.1,16.9,21.2,12,9.8,3.6,3.2,49467,63823,14356,Very Low
0500000US01097,Mobile,Alabama,155946,9,5.8,11.2,10.2,14.2,20.3,10.5,11.3,4.3,3.2,49639,64556,14917,Very Low
0500000US01101,Montgomery,Alabama,88864,8.1,3.6,9.2,10.1,15.7,20.2,11.1,13.3,4.5,4.3,53117,72113,18996,Very Low
0500000US01103,Morgan,Alabama,46470,6.8,5.3,9.4,11,12.8,19.6,12.1,13.9,4.9,4.2,54338,73817,19479,Very Low
0500000US01115,St. Clair,Alabama,32829,3.9,2.9,7.8,8.7,12.6,20.2,13.8,22.3,4,3.9,67487,78406,10919,High
0500000US01117,Shelby,Alabama,84048,3.9,2.8,7.4,6.8,10.8,17.9,13.4,19.7,8,9.2,75614,101601,25987,Very High
0500000US01121,Talladega,Alabama,30602,9.7,6.8,13.5,12.2,7.7,16.4,13.5,14.3,3.6,2.4,50147,62758,12611,Very Low
0500000US01125,Tuscaloosa,Alabama,74259,9,5,10.6,11,12.6,17.6,8.4,15.1,5.5,5.3,52243,73432,21189,Very Low
0500000US01127,Walker,Alabama,25153,7.4,5.3,14.4,10.9,15,16.3,12,13.7,3.3,1.9,46283,60865,14582,Very Low
0500000US02020,Anchorage Municipality,Alaska,105198,3.8,2.7,4.6,6.6,10.1,17.6,13.1,20.4,10.8,10.2,82716,109042,26326,Very High
0500000US02090,Fairbanks North Star,Alaska,35556,2.8,1.9,7.7,5.7,11.5,21.5,11.1,16,9.4,12.4,72065,103334,31269,High
0500000US02170,Matanuska-Susitna,Alaska,32736,4.5,2.9,7.7,6.9,9.6,18.7,14.6,18,8.7,8.4,74709,92126,17417,High
0500000US04001,Apache,Arizona,20925,22.3,6.6,13.6,12.3,12.3,14.5,6.2,9.9,1.4,0.7,30480,43748,13268,Very Low
0500000US04003,Cochise,Arizona,51982,7.8,4.5,9.9,11,18.5,15.6,10.7,14.3,4.9,2.8,48484,67592,19108,Very Low
0500000US04005,Coconino,Arizona,48993,9.3,5.5,6.7,6.8,13.8,18.2,10.9,15,8.3,5.6,58085,81219,23134,Low
0500000US04013,Maricopa,Arizona,1611722,5,2.8,7.2,7.5,12.8,18.6,13.7,16.8,7.3,8.3,68649,92992,24343,High
0500000US04015,Mohave,Arizona,91095,4.9,4.9,12.1,11.2,16.6,22.5,12.6,9.8,2.7,2.5,50179,63437,13258,Very Low
0500000US04017,Navajo,Arizona,38732,12.8,5.1,10.8,15.9,15.8,15.7,9.9,9.8,2.8,1.5,38897,53425,14528,Very Low
0500000US04019,Pima,Arizona,410404,6.9,4.3,9.7,10,14.5,17.4,13.1,13.8,5.2,5,56169,76892,20723,Low
0500000US04021,Pinal,Arizona,153413,4.2,3.1,8.2,8.1,14.6,21.7,14.6,16.1,5.6,3.9,62057,78763,16706,Middle
0500000US04025,Yavapai,Arizona,102784,5.5,5,10.7,9.4,15.6,21.1,11.5,12,4.2,4.8,53816,71282,17466,Very Low
0500000US04027,Yuma,Arizona,74042,10.5,5.6,11.2,10.9,14.5,18.8,14.9,9.5,2.3,1.8,46419,59182,12763,Very Low
0500000US05007,Benton,Arkansas,100749,4.4,3.4,6.9,7.7,11.2,19.4,15,16,6.2,9.7,69130,96757,27627,High
0500000US05031,Craighead,Arkansas,41409,6.2,5,14.9,13.7,13.4,14.8,9.8,14.6,3.4,4.1,45610,68763,23153,Very Low
0500000US05045,Faulkner,Arkansas,47389,8.7,3.2,10.9,9.1,12.2,20.3,15.1,13.1,3.1,4.4,57642,74775,17133,Low
0500000US05051,Garland,Arkansas,41743,8.3,8,11.5,10.1,16.7,19.7,10.3,8.3,4.6,2.6,45265,61782,16517,Very Low
0500000US05069,Jefferson,Arkansas,27593,11.4,12.3,10.8,9.3,17.5,14.9,10.5,8,2,3.2,39326,53518,14192,Very Low
0500000US05085,Lonoke,Arkansas,26052,6.9,3.6,7.6,6.9,13.8,19.1,15.2,16.2,7,3.6,62532,75963,13431,Middle
0500000US05119,Pulaski,Arkansas,158000,6.9,5.9,9.4,10.8,15,19.2,9.7,13.3,5.1,4.8,52043,77462,25419,Very Low
0500000US05125,Saline,Arkansas,45455,3.2,6,7.6,7.8,12.4,20.5,12.9,19.6,7,3.1,66327,77398,11071,High
0500000US05131,Sebastian,Arkansas,51384,6.2,5.3,12.1,14,13.7,18.9,11.5,11.7,3.2,3.4,48839,65576,16737,Very Low
0500000US05143,Washington,Arkansas,89249,7.5,3.7,11.6,10.5,15.9,17,10.7,13,4.2,5.7,50798,72353,21555,Very Low
0500000US05145,White,Arkansas,28621,6.6,6.3,16.8,12,12.2,19.3,9.9,11.4,3.2,2.2,43399,61441,18042,Very Low
0500000US06001,Alameda,California,585632,4.2,3.4,4.9,4.8,6.4,11.6,10.7,19,12.8,22.2,108322,141427,33105,Very High
0500000US06007,Butte,California,77651,6.2,5.7,9.1,10.5,10.3,16.7,13.6,14,5.2,8.7,62563,91685,29122,Middle
0500000US06013,Contra Costa,California,399792,3.3,2.8,4,4.8,6.9,12.2,12.5,18.9,12.2,22.4,107135,146387,39252,Very High
0500000US06017,El Dorado,California,74216,4.4,4.6,5.7,6.1,8.8,13.6,12,20,10.4,14.3,87059,118681,31622,Very High
0500000US06019,Fresno,California,315974,7.7,5.3,9.7,10.1,11.5,17,12.4,14.4,6.4,5.4,57518,76573,19055,Low
0500000US06023,Humboldt,California,55692,7.6,11.7,7.1,8.2,14.2,15.3,11.5,12.7,5.5,6.2,51662,76880,25218,Very Low
0500000US06025,Imperial,California,48182,6.8,10.4,11.5,9,14.6,14.6,12.9,12.4,4.7,3,48472,64050,15578,Very Low
0500000US06029,Kern,California,272888,5.6,6.4,11.7,10.1,13.3,17.3,10.3,13.8,6.4,5.1,53067,75669,22602,Very Low
0500000US06031,Kings,California,44761,4.6,2.5,11.3,11.1,13.5,22.1,12.7,12,6.5,3.6,58453,72471,14018,Low
0500000US06033,Lake,California,25968,5.4,8.3,9.4,11.2,21.1,14.8,10.7,10.8,4.8,3.7,47138,67959,20821,Very Low
0500000US06037,Los Angeles,California,3328398,5.4,4.3,7.5,7.3,10.5,16.2,12.4,16.8,8.4,11.3,72797,104063,31266,High
0500000US06039,Madera,California,44387,6,1.7,7.3,14.1,11.5,16.1,14.1,18.4,5.8,4.9,64827,83590,18763,Middle
0500000US06041,Marin,California,105298,3.4,2.5,4.5,4.7,8.8,10.6,11,16,10,28.6,110843,180587,69744,Very High
0500000US06045,Mendocino,California,34478,3.8,7.8,11.8,9.3,15.1,18.6,10.5,14.3,4.6,4.1,51744,71732,19988,Very Low
0500000US06047,Merced,California,80645,3.4,4.5,9.5,8.8,14.9,20,13.6,14,5.9,5.4,61167,79523,18356,Middle
0500000US06053,Monterey,California,128227,3.2,2.2,8.3,7,10.8,16,15.8,18.5,7.5,10.6,77514,102106,24592,Very High
0500000US06055,Napa,California,48107,3.4,3.2,3.7,4,10.7,14.1,14.1,17.5,11.3,17.9,92769,130499,37730,Very High
0500000US06057,Nevada,California,39365,3.5,1.6,9.6,11.1,14.7,13.5,13.6,13.5,6.8,12.2,68818,97744,28926,High
0500000US06059,Orange,California,1044280,4.1,2.6,4.9,5.4,8.3,14.2,12.4,19.7,11.5,17,95934,127176,31242,Very High
0500000US06061,Placer,California,147236,2.8,2.5,5.5,5.7,7.4,13.6,13.5,20.8,11.7,16.4,97723,124843,27120,Very High
0500000US06065,Riverside,California,734948,5,3.7,7.2,6.9,11,17.2,13.5,18.4,8.6,8.4,73260,95564,22304,High
0500000US06067,Sacramento,California,556752,4.4,4,7.1,7.8,11.1,17.6,13.7,17.4,8.5,8.4,72017,93318,21301,High
0500000US06071,San Bernardino,California,644758,4.9,3.8,7.3,8.7,12,17.5,14.7,17.4,7.5,6.2,67903,86334,18431,High
0500000US06073,San Diego,California,1132434,4.1,3.3,6,6.3,9.8,15.3,13.4,18.8,9.7,13.3,83985,112786,28801,Very High
0500000US06075,San Francisco,California,365851,4,5.1,4.8,4.2,5.8,10.2,8.2,15,11.9,30.7,123859,173858,49999,Very High
0500000US06077,San Joaquin,California,230241,4.5,3.2,8,8.4,11.1,18.9,12.3,16.9,9,7.8,68997,92484,23487,High
0500000US06079,San Luis Obispo,California,106512,4.3,3.3,7.2,7.5,11.9,14.4,13.6,19,9.8,9.2,77265,99083,21818,Very High
0500000US06081,San Mateo,California,265003,2.3,1.9,4.1,3.5,6.4,10.2,8.7,16.9,12.7,33.3,138500,193572,55072,Very High
0500000US06083,Santa Barbara,California,146466,5.3,2.9,6.4,5.6,12.7,16.8,12.5,17,7.3,13.6,75653,112619,36966,Very High
0500000US06085,Santa Clara,California,643637,2.5,2.3,3.6,4.3,5.9,10.8,9.4,16.5,13.2,31.6,133076,180645,47569,Very High
0500000US06087,Santa Cruz,California,97710,3,3.4,7.2,6.4,9.8,12.1,12.2,18.2,10.4,17.3,89269,126138,36869,Very High
0500000US06089,Shasta,California,72714,4.9,5.9,11,7.1,12.4,16.1,14.5,14.6,7.9,5.4,63091,81663,18572,Middle
0500000US06095,Solano,California,150393,4.4,2.2,4.3,6.3,9.7,16,15.6,20.5,10.9,10.1,86652,105465,18813,Very High
0500000US06097,Sonoma,California,190689,2.9,2.7,4.2,6.5,9.3,16.1,15.6,18.8,10.7,13.3,87828,117426,29598,Very High
0500000US06099,Stanislaus,California,174698,4.7,3.9,7.8,9.4,13.2,18.8,13.8,16.9,6.1,5.2,63037,79840,16803,Middle
0500000US06101,Sutter,California,33039,3.5,5.2,8.2,9.8,12.4,18.6,11.7,14.2,9.5,6.9,62777,89212,26435,Middle
0500000US06103,Tehama,California,25310,9.4,4,13.1,9.3,13.3,14.4,12.1,11.4,9.8,3.3,53475,70306,16831,Very Low
0500000US06107,Tulare,California,144109,5.6,4.2,9.4,10.3,14,18.7,13.6,13.7,7.2,3.4,57692,74820,17128,Low
0500000US06111,Ventura,California,268524,3,2.1,5,5.4,9.3,13.8,15.1,20.4,11.9,14,92236,121196,28960,Very High
0500000US06113,Yolo,California,76075,7.2,5,5.7,6.6,8.7,18.9,10.4,16.7,9.4,11.3,71417,107375,35958,High
0500000US06115,Yuba,California,26827,10.4,4.1,6.5,7.9,12.7,21.1,11.4,14.6,5.9,5.5,58765,74158,15393,Low
0500000US08001,Adams,Colorado,171977,3.6,2.7,6.1,6.8,11.8,18.4,16.2,18.4,9.4,6.6,75804,91713,15909,Very High
0500000US08005,Arapahoe,Colorado,246302,3.8,1.9,4.2,5.7,11.2,19,13.5,19.3,10.2,11.2,82710,110227,27517,Very High
0500000US08013,Boulder,Colorado,131854,5.8,2.6,5.8,5,9,14.7,13.7,17,10.5,15.9,88535,125894,37359,Very High
0500000US08014,Broomfield,Colorado,28062,1.8,1,2.1,3.8,7.5,13.8,14.8,19.8,16.6,18.9,111400,144139,32739,Very High
0500000US08031,Denver,Colorado,318445,5.5,3.6,6.6,6.9,9.8,17.1,12.4,17.9,8.5,11.7,75646,106715,31069,Very High
0500000US08035,Douglas,Colorado,127476,1.7,0.8,2.4,4.4,4.7,10.9,13.1,24.4,16.5,21.1,122867,151762,28895,Very High
0500000US08041,El Paso,Colorado,265798,4.4,2.8,6.3,7.3,11.5,19.6,14.7,17.4,8.5,7.6,72830,93351,20521,High
0500000US08059,Jefferson,Colorado,236496,3.4,1.6,5,5.4,9.4,17.2,12.8,21.1,10.5,13.5,90040,115741,25701,Very High
0500000US08069,Larimer,Colorado,146638,5,3.2,7.3,6,10.2,18,14.3,16.8,9.6,9.5,75186,98731,23545,Very High
0500000US08077,Mesa,Colorado,63644,5.7,4.2,7.7,8.1,15.2,21.6,12.5,15,5,4.9,60500,78226,17726,Middle
0500000US08101,Pueblo,Colorado,66111,7.8,6.3,9.9,10.5,14.9,17.5,14.1,12.5,3.8,2.6,51276,66317,15041,Very Low
0500000US08123,Weld,Colorado,111298,3.5,2.9,7,6.4,9.8,17.5,14.3,22.4,9.3,6.8,78615,95567,16952,Very High
0500000US09001,Fairfield,Connecticut,340557,4.2,3.3,6.2,4.8,8.6,13.4,10.3,15.7,10.8,22.8,97053,159703,62650,Very High
0500000US09003,Hartford,Connecticut,353234,6.5,3.7,7,7,9.9,15.7,12.9,17.7,9.4,10.3,75381,101930,26549,Very High
0500000US09005,Litchfield,Connecticut,73969,2.9,3.4,5.7,7,10.1,17.2,12.8,17.9,11.3,11.6,81195,112372,31177,Very High
0500000US09007,Middlesex,Connecticut,66884,5.5,2.8,7.8,7.5,9.6,16.2,11.1,17.5,11.1,11,76518,100657,24139,Very High
0500000US09009,New Haven,Connecticut,329006,6.1,4.4,9.3,7.8,10.3,15.2,12.6,16.4,8.4,9.4,69751,94695,24944,High
0500000US09011,New London,Connecticut,109752,3.9,2.3,6.8,7.7,11.8,17.3,14.3,18.3,8,9.7,75633,98102,22469,Very High
0500000US09013,Tolland,Connecticut,56749,5.3,2.2,4.7,6.5,8.4,13.7,12.1,22,10.9,14.1,91028,118561,27533,Very High
0500000US09015,Windham,Connecticut,47015,6.8,3.8,8,9.5,13.5,15.1,15.3,15.3,6.8,5.9,62106,80332,18226,Middle
0500000US10001,Kent,Delaware,68023,6,6.2,7.5,7.8,15.6,19.9,12.6,15.7,6.5,2.1,58001,71690,13689,Low
0500000US10003,New Castle,Delaware,211592,5.7,2.6,6.3,6.3,9.8,18.4,13.9,17.5,9.6,9.8,76328,100948,24620,Very High
0500000US10005,Sussex,Delaware,96624,4.4,4,8.3,8.8,13.9,16.9,13.7,16.9,7.4,5.7,65155,88437,23282,High
0500000US11001,District of Columbia,District of Columbia,291570,8,3.3,4.9,4.6,8.5,12.1,11,16.2,10.6,20.7,92266,135369,43103,Very High
0500000US12001,Alachua,Florida,103024,11.1,4.3,11.3,9.6,14.3,15.3,10.4,13.6,4.1,6.1,49534,73143,23609,Very Low
0500000US12005,Bay,Florida,69195,6.6,2.8,7.1,7.8,14.4,22.6,15.7,12.4,6.2,4.2,59450,76106,16656,Low
0500000US12009,Brevard,Florida,230043,4.2,3.7,9,10.1,16.3,18.6,12.8,13.7,6.4,5.4,57305,78841,21536,Low
0500000US12011,Broward,Florida,705472,6.3,4.2,8.3,8.9,13.2,18,12.4,14.4,6.4,8,61502,88786,27284,Middle
0500000US12015,Charlotte,Florida,76589,5.2,3.7,13.2,10,14.8,17.5,12.6,13.8,4.8,4.4,54652,74773,20121,Very Low
0500000US12017,Citrus,Florida,64448,8.1,5,11.8,11.8,12.4,20.8,12,10.3,4.2,3.4,50751,65270,14519,Very Low
0500000US12019,Clay,Florida,75793,3.2,1.7,6.3,6,11.8,19.1,17,19.6,9.4,5.9,76687,93365,16678,Very High
0500000US12021,Collier,Florida,140578,4.8,3.8,5.8,8.7,10.6,15.5,13,17.3,7.4,13.1,76025,121643,45618,Very High
0500000US12023,Columbia,Florida,25240,7.1,4.7,15,10.5,15.4,18.4,9.2,12.3,4.8,2.6,47094,62768,15674,Very Low
0500000US12031,Duval,Florida,368668,6.8,3.8,8.8,9.5,13.8,19.4,13.1,13.7,5.7,5.5,58415,79366,20951,Low
0500000US12033,Escambia,Florida,120618,6.5,4.5,10.7,10.1,15,18.9,11.9,13.9,4.2,4.2,53136,73632,20496,Very Low
0500000US12035,Flagler,Florida,44464,3.7,2.9,11.6,10,14.3,19,11.8,15.2,6.8,4.8,60204,79514,19310,Middle
0500000US12053,Hernando,Florida,78755,6,5.6,11.2,9.9,16.1,20.2,12.2,13.1,3.7,2.1,51031,62821,11790,Very Low
0500000US12055,Highlands,Florida,43351,7.2,6,11.3,8.2,18.2,22.2,11.2,10.1,3.3,2.4,48698,65399,16701,Very Low
0500000US12057,Hillsborough,Florida,541584,7,3.4,7.9,9.3,12.9,19.3,12.2,14.7,5.5,7.7,61154,84812,23658,Middle
0500000US12061,Indian River,Florida,63917,5.6,3,11,9.7,13.8,17.7,13.3,13.8,5.7,6.3,59782,87627,27845,Low
0500000US12069,Lake,Florida,139192,4,3.5,8.1,12.8,14,20.2,13.7,14.1,5.9,3.7,57588,75726,18138,Low
0500000US12071,Lee,Florida,286887,4.6,3.3,8.3,8.8,13.2,20.3,14.4,14.4,5.4,7.3,62240,88514,26274,Middle
0500000US12073,Leon,Florida,116283,9.2,5.3,9.3,10,11.6,19.3,11,13.2,5.2,6,54929,75969,21040,Very Low
0500000US12081,Manatee,Florida,145171,3.9,2.6,9.3,8.9,13.7,17.9,13.4,16.4,5.8,8.1,64499,92213,27714,Middle
0500000US12083,Marion,Florida,145622,6.6,3.8,13.4,9.4,17,21,12.8,9.9,3,3,49576,64731,15155,Very Low
0500000US12085,Martin,Florida,65014,4.3,3.5,7.4,9.1,11.7,15.7,14.7,16.1,7.5,10,70842,110379,39537,High
0500000US12086,Miami-Dade,Florida,912805,8,5.3,9.8,10.3,12.2,18,11.5,12.8,5.3,6.8,55171,82803,27632,Low
0500000US12087,Monroe,Florida,32839,4.7,3.8,6.6,8.3,10.3,18.9,11.3,18.5,7.5,10.2,68589,106365,37776,High
0500000US12089,Nassau,Florida,35212,4.4,3.2,4.4,10.4,11.1,19.6,15.1,18.1,7.6,6.2,70939,87206,16267,High
0500000US12091,Okaloosa,Florida,76097,3.7,2.8,6.6,9.7,14.8,18.6,14.9,16.2,5.5,7.2,64222,85766,21544,Middle
0500000US12095,Orange,Florida,457949,4.9,3.5,7.6,9,13.9,19.7,13.6,14.7,5.8,7.2,63461,88304,24843,Middle
0500000US12097,Osceola,Florida,111539,5.3,3.8,10.8,9,18.9,21.9,12.3,10.7,4.3,3,51760,68266,16506,Very Low
0500000US12099,Palm Beach,Florida,568915,5.2,4.1,8.1,8.4,12.4,16.3,12.2,15.6,6.7,11,66623,101876,35253,High
0500000US12101,Pasco,Florida,212856,5.7,4.3,10.2,9.8,15.4,17.8,12.6,14.2,5.2,4.7,55828,73875,18047,Low
0500000US12103,Pinellas,Florida,395286,6.1,4.1,8.9,9.6,14.5,17.7,13.7,13.4,5.3,6.7,56737,83277,26540,Low
0500000US12105,Polk,Florida,238629,6.1,4.5,11.4,11.2,14.4,20.5,13.5,11.5,3.6,3.3,51833,67906,16073,Very Low
0500000US12107,Putnam,Florida,30866,8.2,4.6,12.4,14.7,16.7,23.5,7.5,8.5,3.1,0.9,42899,54394,11495,Very Low
0500000US12109,St. Johns,Florida,94761,2.7,1.5,6,5.9,9.8,15.2,12.8,21.3,8.2,16.4,90356,122115,31759,Very High
0500000US12111,St. Lucie,Florida,116900,4.1,5.5,8.8,11.5,12.6,20.4,13.9,14.6,5.6,2.8,58039,72610,14571,Low
0500000US12113,Santa Rosa,Florida,66187,4.8,3.5,9.4,10.1,10.8,17.7,15.9,16,5,6.8,64930,83717,18787,Middle
0500000US12115,Sarasota,Florida,187411,3.3,3,8.2,7.8,13.5,19.9,14.6,16.1,5.6,8,66342,94576,28234,High
0500000US12117,Seminole,Florida,181142,4.2,2.4,7.1,7.8,13.1,18.7,14.3,15.1,8,9.3,70190,95285,25095,High
0500000US12119,Sumter,Florida,59458,4.6,3.9,7.9,11,11.9,22.5,14.6,12,6.5,5.1,60287,83298,23011,Middle
0500000US12127,Volusia,Florida,219451,5.6,5,9.9,12.1,14.2,19.8,13.4,12.1,3.9,4,53766,70972,17206,Very Low
0500000US12131,Walton,Florida,26475,5.4,4,7.7,7.1,18.8,15.4,16.6,13.1,5.6,6.4,60457,79647,19190,Middle
0500000US13013,Barrow,Georgia,27765,5.9,3.3,5.5,7.9,10.4,23.3,16.5,18.9,6.2,2.2,69890,77081,7191,High
0500000US13015,Bartow,Georgia,39742,9.2,7.1,5.9,8.6,11.3,22.8,12.7,14.8,4.4,3.3,59911,70644,10733,Low
0500000US13021,Bibb,Georgia,56726,10.9,6.3,10.6,13.4,14.4,14.5,10.9,10.8,4.2,4,42140,67678,25538,Very Low
0500000US13031,Bulloch,Georgia,28660,5.9,6.4,11.7,10.7,14.6,25.8,12.3,7.3,2,3.3,50436,61191,10755,Very Low
0500000US13045,Carroll,Georgia,42798,7,3.1,9.4,7.8,14.5,20.8,16.4,14.2,4.3,2.5,61133,69895,8762,Middle
0500000US13047,Catoosa,Georgia,24130,5.1,5.6,5.5,10.3,13.4,23.9,15.2,14,3.4,3.5,61487,71692,10205,Middle
0500000US13051,Chatham,Georgia,107987,6.6,5.2,11,9,11.7,19.3,12.6,14.4,4.2,6.1,57611,80418,22807,Low
0500000US13057,Cherokee,Georgia,93441,3.3,2.6,6.7,6.5,5.9,18.9,14,21.8,11,9.2,86404,101950,15546,Very High
0500000US13059,Clarke,Georgia,52124,11.2,8.2,14.8,11.1,12.9,16,8.6,8.9,3.8,4.6,39799,64933,25134,Very Low
0500000US13063,Clayton,Georgia,97030,6.6,4.3,11,9,17.2,25.2,10.5,11.5,3.6,1.2,51093,60225,9132,Very Low
0500000US13067,Cobb,Georgia,286952,3.7,2.3,4.6,7.5,11.6,17.4,14.2,17,10,11.7,79601,108459,28858,Very High
0500000US13073,Columbia,Georgia,46890,1.7,0.9,4.8,7.8,6.2,18.1,17,23.6,8.9,10.9,88761,111034,22273,Very High
0500000US13077,Coweta,Georgia,53640,4.4,4.6,7.1,5.6,9.6,16.8,14.6,22.1,10.3,4.9,78423,90034,11611,Very High
0500000US13089,DeKalb,Georgia,289829,5.6,3.3,8.5,9.4,13.1,17.1,12.7,13.3,6.5,10.5,63652,94336,30684,Middle
0500000US13095,Dougherty,Georgia,32630,14.9,9,15.8,10.2,14.7,15.2,8.2,8.3,1.9,1.9,35062,51382,16320,Very Low
0500000US13097,Douglas,Georgia,48899,4.7,3.1,6.9,8.3,17.3,17.9,15.3,15.4,6.4,4.7,62669,80676,18007,Middle
0500000US13113,Fayette,Georgia,41253,2.3,1.9,2.3,6.4,8.3,18.4,14.6,19.3,10.2,16.3,92172,128190,36018,Very High
0500000US13115,Floyd,Georgia,35443,6.1,4.1,13.9,11.4,14.1,18.1,11.9,12.9,4.4,3.2,50880,68905,18025,Very Low
0500000US13117,Forsyth,Georgia,81765,1.8,1.2,4.2,4.1,6.4,14.4,11.2,22.5,15.3,18.9,112108,134249,22141,Very High
0500000US13121,Fulton,Georgia,439578,6.3,3.4,6.7,6.3,10.2,14.4,11.3,16.1,9.1,16.2,80013,125680,45667,Very High
0500000US13127,Glynn,Georgia,34614,5.8,3.8,13,9.7,8.3,22,10.4,16.7,4.9,5.5,59004,82009,23005,Low
0500000US13135,Gwinnett,Georgia,301471,3.7,2.2,5.8,7.9,12.4,19.7,13.7,18.4,8.5,7.6,72109,93401,21292,High
0500000US13139,Hall,Georgia,65625,2.2,3.9,8.1,9.4,12,19.6,11.8,17.9,7.1,7.9,67467,96366,28899,High
0500000US13151,Henry,Georgia,79550,3.2,2.2,4.7,8.2,11.2,21.9,15.1,20.5,7,6,71939,90267,18328,High
0500000US13153,Houston,Georgia,58417,7.1,3.6,6.1,9.1,13.1,18,15.5,16.1,7.3,4.1,66740,77442,10702,High
0500000US13157,Jackson,Georgia,25180,8.2,3.9,6.8,9.8,10.9,15.3,14.8,17.7,5.9,6.6,65063,84923,19860,High
0500000US13185,Lowndes,Georgia,42639,8.1,3.8,13.1,14.9,13.6,20,12.1,8.4,2.9,3.2,45683,62009,16326,Very Low
0500000US13215,Muscogee,Georgia,73134,10.2,5.2,10.7,13,13.9,18.6,10.2,9.9,3.1,5.2,46934,70702,23768,Very Low
0500000US13217,Newton,Georgia,37867,5.6,4.8,10.7,9.5,14,22.9,9.7,15.3,4.4,3.2,57254,70273,13019,Low
0500000US13223,Paulding,Georgia,56476,5.4,0.9,5.8,5.1,12.6,19.2,17.9,22.5,7.8,2.7,75800,82879,7079,Very High
0500000US13245,Richmond,Georgia,68361,7.8,7.6,10.9,12.1,16.4,20.4,10.6,9.1,2.3,2.9,44973,59361,14388,Very Low
0500000US13247,Rockdale,Georgia,32792,7.4,2.4,6.8,8.4,16.6,17.3,14,18.6,2.2,6.3,60560,78651,18091,Middle
0500000US13255,Spalding,Georgia,25339,5.5,5.5,11.6,10.8,14.8,21.2,12.5,9.3,4.5,4.2,51677,68860,17183,Very Low
0500000US13285,Troup,Georgia,24436,12.9,5.2,11.3,10.2,12.8,18.3,10.9,11.8,2.7,4,46198,62990,16792,Very Low
0500000US13295,Walker,Georgia,26760,3.6,8.5,13.5,12.5,12.7,22.5,12.6,9.6,2,2.4,47856,58818,10962,Very Low
0500000US13297,Walton,Georgia,33350,4.5,2,9.9,6.6,15.2,16.9,13,16.9,11.8,3.4,66176,82283,16107,High
0500000US13313,Whitfield,Georgia,34518,4.3,5.9,9.5,13.2,15.5,18.8,13.1,11.4,3.4,5,52198,72484,20286,Very Low
0500000US15001,Hawaii,Hawaii,71193,6.2,4,10.4,7.7,9.9,16.2,13.1,16.7,8.7,7.1,67075,88393,21318,High
0500000US15003,Honolulu,Hawaii,316456,4.6,2.5,4.9,6.1,8.2,16.7,13.5,20.7,10.7,12.2,87470,111776,24306,Very High
0500000US15007,Kauai,Hawaii,22898,4.8,1,6.7,5,11.6,18.1,11.9,23.1,9.2,8.5,81971,100559,18588,Very High
0500000US15009,Maui,Hawaii,54744,6,2.1,5.7,6.6,8.6,18,14.7,18.7,10.4,9.1,80754,99883,19129,Very High
0500000US16001,Ada,Idaho,184160,3.7,2.5,6.2,8.5,11.7,18.9,15,16.7,8.2,8.6,72021,96684,24663,High
0500000US16005,Bannock,Idaho,32010,5.7,5.7,11.8,11,13.7,20.2,10.5,14.6,5.1,1.8,51989,65404,13415,Very Low
0500000US16019,Bonneville,Idaho,40776,4.9,3.7,10.5,6.1,14.7,17.5,12.5,18.3,6.3,5.3,64618,84685,20067,Middle
0500000US16027,Canyon,Idaho,77449,3.3,3.7,7.9,10.4,15,23.3,15.2,14.7,3.2,3.2,58945,71937,12992,Low
0500000US16055,Kootenai,Idaho,65283,2.8,2.1,10.4,9.8,12.9,24.2,13.9,16.1,3.7,4.1,62579,74659,12080,Middle
0500000US16083,Twin Falls,Idaho,31850,4.8,4.8,10.1,9.7,13.5,23.8,15.5,10.7,2.9,4.2,56276,72044,15768,Low
0500000US17001,Adams,Illinois,26993,6.3,2.4,7.6,8.7,18.1,19.8,16.6,13.5,4.3,2.5,55727,70658,14931,Low
0500000US17019,Champaign,Illinois,81764,10.1,4.1,11.7,8.4,12.1,17.8,10.3,13.3,6.1,6,52405,74061,21656,Very Low
0500000US17031,Cook,Illinois,1985613,7,4,7.9,8.2,10.5,15.7,12.1,16.2,8,10.5,69429,100785,31356,High
0500000US17037,DeKalb,Illinois,39330,8.9,1.7,9.8,8.4,9.6,18.3,13.4,16.7,7.7,5.4,64131,79542,15411,Middle
0500000US17043,DuPage,Illinois,342195,2.6,1.8,5.1,5.4,9,15.2,12.8,21,11.8,15.4,96403,126800,30397,Very High
0500000US17089,Kane,Illinois,182223,3.3,2.4,5.8,6.3,10.7,16.4,14.1,21.4,8.4,11.3,84368,107823,23455,Very High
0500000US17091,Kankakee,Illinois,39583,6.1,3.1,8.7,8,16.7,15.3,15.5,18.5,5.5,2.7,60923,73666,12743,Middle
0500000US17093,Kendall,Illinois,41364,1,0.3,4.8,4.3,6.2,16.5,12.9,29.9,14.9,9.2,104858,114034,9176,Very High
0500000US17097,Lake,Illinois,247661,3.7,2.5,5.3,5.3,10,14.3,12.4,18.3,11,17.2,92511,129550,37039,Very High
0500000US17099,LaSalle,Illinois,45411,6.4,3.6,9.7,9.7,13.7,19.7,14.3,14.8,5.2,2.9,59130,71489,12359,Low
0500000US17111,McHenry,Illinois,112669,2.2,1.9,5.1,5,10.4,17.1,15.1,20,12.2,10.9,88879,108205,19326,Very High
0500000US17113,McLean,Illinois,65118,11.6,2.5,6.9,6,10.2,16.7,13.2,18,7.4,7.5,68784,88239,19455,High
0500000US17115,Macon,Illinois,42741,11.7,4.1,8,10.7,14.7,17.5,13.2,12.8,2.9,4.4,50839,69620,18781,Very Low
0500000US17119,Madison,Illinois,108104,5,3.4,8.8,9.4,11.2,17.2,14.1,17.6,6.5,6.8,67440,87113,19673,High
0500000US17143,Peoria,Illinois,73666,8,4.4,10.1,8.7,13.2,17.1,12.5,13.4,6,6.5,57247,82292,25045,Low
0500000US17161,Rock Island,Illinois,60618,6.9,6.4,8.3,8.4,13.5,18.7,13.7,17,4.4,2.8,58313,70342,12029,Low
0500000US17163,St. Clair,Illinois,106156,7.5,3.1,10.1,9.8,14.2,16,13.7,12.8,7.6,5.1,57169,77996,20827,Low
0500000US17167,Sangamon,Illinois,83263,5.8,4.2,8.1,9.8,13.1,17.8,13,17,6.3,5,61280,80923,19643,Middle
0500000US17179,Tazewell,Illinois,53127,3.3,3.4,9.1,9.3,12.2,20.8,13.9,17.6,5.9,4.4,65848,78686,12838,High
0500000US17183,Vermilion,Illinois,31154,6.9,3.8,14.2,14.2,17.9,17.3,10.8,10.8,1.7,2.5,43111,58935,15824,Very Low
0500000US17197,Will,Illinois,230136,2.8,2.2,6,4.8,9.5,14.9,15,22,11.4,11.2,90134,108439,18305,Very High
0500000US17199,Williamson,Illinois,27650,4.5,5.1,10.3,9,14.8,17.1,13.5,16.8,3.4,5.4,58097,75721,17624,Low
0500000US17201,Winnebago,Illinois,114833,6.8,4.7,9.8,9.5,12.2,18.5,12.9,16.1,6,3.5,59455,73962,14507,Low
0500000US18003,Allen,Indiana,146280,4.9,3.7,8.3,10.9,16.1,19.9,12.8,14.2,5.1,4.1,56519,76589,20070,Low
0500000US18005,Bartholomew,Indiana,30383,3.6,3,10.1,6.7,11.5,17.7,18.6,15.6,5.9,7.3,72555,87331,14776,High
0500000US18011,Boone,Indiana,26803,5.2,5.2,4.9,6.5,10.2,19,13.3,13,7.2,15.4,70813,126100,55287,High
0500000US18019,Clark,Indiana,43704,4.1,2.7,8.8,14.1,13.7,20.4,14.9,13.9,5.3,2.1,59064,73922,14858,Low
0500000US18035,Delaware,Indiana,45640,8.6,6.6,11.9,13.3,13.8,18.2,11.2,11.4,2.6,2.4,45065,61483,16418,Very Low
0500000US18039,Elkhart,Indiana,68553,7.3,3.9,10.3,9.9,14.2,19.3,12.1,15,4.1,4,54531,72420,17889,Very Low
0500000US18043,Floyd,Indiana,28544,5.1,4.7,8,7.9,12.6,21,13.6,14.4,8,4.7,63219,81305,18086,Middle
0500000US18053,Grant,Indiana,27127,6.4,5.5,12.3,10.5,18.5,18.6,11.1,12,3.1,1.9,47206,60754,13548,Very Low
0500000US18057,Hamilton,Indiana,125328,2.8,1.6,3.3,4.3,8.1,15.3,12.2,20.8,13.5,18.3,105062,138826,33764,Very High
0500000US18059,Hancock,Indiana,28985,3.9,1.6,7.4,5.8,14.3,19,13.2,19.9,8.3,6.6,69392,89907,20515,High
0500000US18063,Hendricks,Indiana,61105,2.1,1.7,4,6.7,9.8,18,16.5,22.9,10.9,7.4,85381,108107,22726,Very High
0500000US18067,Howard,Indiana,34151,5.6,3,12.2,8.8,15.6,21.7,12.6,13.3,5.1,2,53440,64442,11002,Very Low
0500000US18081,Johnson,Indiana,57160,2.7,2,6,7.3,12.1,20.7,12.8,21,9.1,6.2,73651,95661,22010,High
0500000US18085,Kosciusko,Indiana,30991,4.6,3.8,8.6,8.9,12.8,19.9,15.5,16.6,6,3.2,64099,77934,13835,Middle
0500000US18089,Lake,Indiana,190135,7.6,4.2,8.5,10.6,12.5,19.4,10.9,16.2,6,4.3,57081,77171,20090,Low
0500000US18091,LaPorte,Indiana,43100,4.1,4.8,10.1,13,11.2,20,10.7,17.6,5.1,3.4,56019,73242,17223,Low
0500000US18095,Madison,Indiana,51164,6,4.2,11.5,8.5,15.2,22.8,13.2,13.8,2.9,2,55142,65461,10319,Low
0500000US18097,Marion,Indiana,379451,8.5,4.5,10.6,10.5,15.4,18.1,11.9,11.8,4.8,4,50458,71045,20587,Very Low
0500000US18105,Monroe,Indiana,54053,9.6,5.3,11.7,7.7,12,17,12.4,13.6,5.1,5.6,52453,73462,21009,Very Low
0500000US18109,Morgan,Indiana,25863,5.2,3.1,5.5,9.2,11.7,23.8,11.7,17.5,4.7,7.6,62862,87745,24883,Middle
0500000US18127,Porter,Indiana,65305,4.3,1.4,7,8.5,11.7,18.1,14.6,20.7,7.1,6.6,72483,92719,20236,High
0500000US18141,St. Joseph,Indiana,105250,8.1,4.8,9.7,9.9,13.6,19.6,11.6,14.3,4.6,3.7,53456,74003,20547,Very Low
0500000US18157,Tippecanoe,Indiana,73916,9,3.8,13.1,9.6,15.2,17.4,10.6,13.5,3.7,4.1,49352,70167,20815,Very Low
0500000US18163,Vanderburgh,Indiana,75522,6,4.5,11.5,11.2,14.8,19.9,13,11.3,3.7,4,51350,72542,21192,Very Low
0500000US18167,Vigo,Indiana,42193,9.7,6.4,13.8,8.6,13.1,18.4,11.9,10.8,3.4,3.8,48013,65988,17975,Very Low
0500000US18177,Wayne,Indiana,27561,4.9,6.1,13.4,9.8,17.7,21.3,11.4,10.6,2.9,2,47944,61176,13232,Very Low
0500000US19013,Black Hawk,Iowa,51869,6.7,3.4,7.5,8.9,14.5,20.6,13.2,14.1,5.2,5.9,60506,83308,22802,Middle
0500000US19049,Dallas,Iowa,36878,1.1,2.2,5,3.7,8.4,17.4,15.6,23.2,10.3,13.1,94885,119627,24742,Very High
0500000US19061,Dubuque,Iowa,38345,6,4.5,7.7,7.9,13.2,19.6,14.6,16.7,4.6,5.3,62178,80313,18135,Middle
0500000US19103,Johnson,Iowa,60782,9,3.2,7.3,10,10.6,15,12.3,16.2,6.4,10.1,66011,99179,33168,High
0500000US19113,Linn,Iowa,93843,4.2,4.1,8.8,8.7,12.6,19.9,14.2,16.4,6.4,4.7,63559,80404,16845,Middle
0500000US19153,Polk,Iowa,197731,4,3.1,6.5,9.2,13.3,19.7,13.4,16.7,7.9,6.1,66918,87952,21034,High
0500000US19155,Pottawattamie,Iowa,37344,5.2,5,7.9,11.8,12.3,18.8,16.5,14.7,3.9,3.9,60056,72350,12294,Middle
0500000US19163,Scott,Iowa,68534,5.3,4.1,9.2,7.3,12.6,18.3,12.1,17.3,5.9,7.9,65122,90210,25088,High
0500000US19169,Story,Iowa,39168,8.6,5.6,7.3,7.9,13.7,17.3,12.3,15.8,6.4,5.2,63107,79726,16619,Middle
0500000US19193,Woodbury,Iowa,39733,5.3,3.6,9.5,10.6,13.6,16.7,16.1,17.3,4.1,3.1,58945,71578,12633,Low
0500000US20015,Butler,Kansas,25004,4.4,4.9,6.7,9.3,14.5,18.8,14.6,17.8,4.1,5.1,61951,82866,20915,Middle
0500000US20045,Douglas,Kansas,48508,6,3.2,7.7,8.6,14.6,18.6,14.1,14.5,5.2,7.6,64233,84149,19916,Middle
0500000US20091,Johnson,Kansas,231960,1.9,2.3,4.4,5.7,7.7,16.4,16.6,19.6,11.1,14.3,91771,121929,30158,Very High
0500000US20103,Leavenworth,Kansas,27860,6,4.3,4.8,6,9.6,17.5,15.7,21.7,8.8,5.5,77070,89525,12455,Very High
0500000US20161,Riley,Kansas,25662,7,5.4,14.5,8.1,13.8,21.8,9.8,11.9,4.2,3.6,50920,66449,15529,Very Low
0500000US20173,Sedgwick,Kansas,199517,5.7,4.5,8.6,9,13.6,19.9,12.2,16.2,5.5,4.7,59716,78411,18695,Low
0500000US20177,Shawnee,Kansas,73172,5.3,2.6,8.1,10.3,15.7,20.6,13.3,14,5,5.2,59441,78471,19030,Low
0500000US20209,Wyandotte,Kansas,61248,8.8,6.1,10.8,12.3,15.5,18,12.7,10.7,3.3,1.8,46964,58167,11203,Very Low
0500000US21015,Boone,Kentucky,48770,3.2,2.8,6.4,6.5,11,19.7,12.9,22.4,8.7,6.4,76443,95188,18745,Very High
0500000US21029,Bullitt,Kentucky,30553,3.6,2.2,8.1,8.1,9.9,24.3,17.7,16.4,5.4,4.3,65560,80659,15099,High
0500000US21037,Campbell,Kentucky,38110,3.9,6.7,8,8.9,10.3,17.3,14.7,15.8,7.3,7.2,66439,90484,24045,High
0500000US21047,Christian,Kentucky,26209,12,5.8,10.1,9.6,14.4,20.1,13.6,8.2,3.1,3.1,47445,60690,13245,Very Low
0500000US21059,Daviess,Kentucky,40800,8,4.4,12.1,10.8,13.5,17.2,15.3,11.6,3.1,4,50964,71078,20114,Very Low
0500000US21067,Fayette,Kentucky,131929,6.6,3.7,10.1,8.9,12.5,18.9,12.3,14.2,6.4,6.4,58356,84149,25793,Low
0500000US21093,Hardin,Kentucky,42644,5.4,2.1,9.8,8.8,17.6,21.3,11.5,16.8,3.2,3.6,57463,72907,15444,Low
0500000US21111,Jefferson,Kentucky,316174,6.4,4.1,9.3,9.7,13.3,19.1,13,13.6,5.8,5.7,59049,81043,21994,Low
0500000US21117,Kenton,Kentucky,65362,4.6,4.2,7.2,7.3,14,16.1,13,20,7.9,5.6,68849,89473,20624,High
0500000US21145,McCracken,Kentucky,28363,6.8,6.4,13.2,14.8,13,18.9,9,11.9,2.6,3.5,45084,69078,23994,Very Low
0500000US21151,Madison,Kentucky,34270,8.7,5.7,13.8,10.7,11.9,17.3,12.1,11.5,4.7,3.5,49421,68898,19477,Very Low
0500000US21185,Oldham,Kentucky,20761,2.6,0.4,7.2,2.4,8.4,15.6,13.8,21.3,11.9,16.4,97968,133900,35932,Very High
0500000US21227,Warren,Kentucky,50489,6.5,4.8,9.2,11.2,14.8,20.6,12.3,13.1,3.6,4,52645,74776,22131,Very Low
0500000US22005,Ascension,Louisiana,44267,3.8,3.1,6,7.6,9.6,13.2,14.7,19.8,12.7,9.7,85425,105975,20550,Very High
0500000US22015,Bossier,Louisiana,49735,6.1,6.2,12.8,9.9,15,16.4,13.3,11.5,4.3,4.5,49962,69729,19767,Very Low
0500000US22017,Caddo,Louisiana,92589,13.4,6.9,13,9.2,11,15.3,10.1,11.8,4.4,4.7,45537,69968,24431,Very Low
0500000US22019,Calcasieu,Louisiana,77232,10.3,4.6,12.1,10.2,11.3,15.3,11,14.1,5.8,5.2,51246,76975,25729,Very Low
0500000US22033,East Baton Rouge,Louisiana,161536,8.7,5.6,9.7,9.6,11.4,16.8,12,12.7,6.4,7.1,56451,82783,26332,Low
0500000US22045,Iberia,Louisiana,26185,12.1,2.5,15.1,7.7,11.5,19,11.9,15.2,2.9,2,50991,63066,12075,Very Low
0500000US22051,Jefferson,Louisiana,171991,6.2,4.8,9.9,11.2,12.7,18.7,12,14.7,5.1,4.8,56069,74204,18135,Low
0500000US22055,Lafayette,Louisiana,94490,8.6,4.3,10.6,8.6,11.2,15.1,12.9,14.9,6.4,7.3,60567,83575,23008,Middle
0500000US22057,Lafourche,Louisiana,36759,8.1,3.8,14,8.4,14.5,15.3,15.7,12.6,4.5,3.2,51339,68225,16886,Very Low
0500000US22063,Livingston,Louisiana,47014,9.8,2.9,8.1,7.2,11.4,17.2,12.2,23.2,4.8,3.3,62187,76802,14615,Middle
0500000US22071,Orleans,Louisiana,151753,16.5,5.8,11,8.9,10.2,15.1,8.6,10.9,5.3,7.7,45615,77676,32061,Very Low
0500000US22073,Ouachita,Louisiana,57835,13.8,6.7,11.2,11.8,13.7,16.7,9.9,7.9,4.4,3.8,41137,64077,22940,Very Low
0500000US22079,Rapides,Louisiana,48975,6.8,5.2,12.6,9,15.8,21.6,9.5,12.7,4.2,2.6,50490,68816,18326,Very Low
0500000US22097,St. Landry,Louisiana,30441,12.2,7.6,14.5,9,17.9,12.2,13.4,8.6,3.3,1.5,38681,53665,14984,Very Low
0500000US22103,St. Tammany,Louisiana,94988,4.9,4.3,7.7,8,11.9,17.1,14.7,16.5,6.8,8.1,69076,88518,19442,High
0500000US22105,Tangipahoa,Louisiana,46526,7.5,8.4,11.6,15.1,8.1,13.3,15.2,11.3,6,3.4,47825,65721,17896,Very Low
0500000US22109,Terrebonne,Louisiana,40173,10.3,2.8,14.6,10.6,13.1,13.7,10.5,13.3,7,4.1,48446,73594,25148,Very Low
0500000US23001,Androscoggin,Maine,45924,3.4,4.5,7.5,9.6,17.1,16.5,15.9,15,7.3,3.2,63813,77447,13634,Middle
0500000US23003,Aroostook,Maine,30197,8.8,9.2,15.3,13.4,12.6,18.8,11.3,5.7,2.2,2.6,38768,52681,13913,Very Low
0500000US23005,Cumberland,Maine,124925,4.6,2.5,6.5,8.2,9.9,17.7,13.5,17.5,9,10.7,76059,102890,26831,Very High
0500000US23011,Kennebec,Maine,54480,6.3,5.1,9.5,9.1,15.5,17.5,14.7,14.6,3.5,4.2,55389,73143,17754,Low
0500000US23019,Penobscot,Maine,64096,3.7,6,13,10.3,16.5,17,12,13.2,4.6,3.7,50449,69161,18712,Very Low
0500000US23031,York,Maine,86227,3.7,2.7,8.6,8.8,12.7,19.2,15.3,17.8,6.1,5.3,66648,83215,16567,High
0500000US24001,Allegany,Maryland,26549,8.8,5.8,11.2,11.9,13.2,19.7,14.1,10,3.7,1.7,48867,59856,10989,Very Low
0500000US24003,Anne Arundel,Maryland,216200,2.1,1.3,4,4.8,6.6,15.9,14.3,21.2,13.4,16.5,101147,130006,28859,Very High
0500000US24005,Baltimore,Maryland,312466,5.3,2.3,6.1,6.4,10.5,18.2,13.6,18.5,8.7,10.3,77358,104484,27126,Very High
0500000US24009,Calvert,Maryland,32780,4.6,1.8,2.6,3.7,7.2,9.7,12.6,26,15.5,16.3,112380,126581,14201,Very High
0500000US24013,Carroll,Maryland,60617,1.9,1.7,5.1,5.9,7.8,13.3,12.4,26.6,11.8,13.5,103014,119439,16425,Very High
0500000US24015,Cecil,Maryland,38547,5.9,3.3,8.6,8.6,7.5,15.1,16.9,17.5,10.1,6.5,76441,92059,15618,Very High
0500000US24017,Charles,Maryland,57732,3,1.3,2.4,3.8,8,14.2,13.6,26.2,13.7,13.9,103932,124336,20404,Very High
0500000US24021,Frederick,Maryland,93768,1.8,2.1,3.4,4.8,8.9,13.8,13,25,13.4,13.8,103516,122496,18980,Very High
0500000US24025,Harford,Maryland,96203,3.4,2.2,4.5,4.8,8.8,15.2,14.6,22.4,11.3,12.7,92331,113104,20773,Very High
0500000US24027,Howard,Maryland,115772,3.4,1,4.1,3.5,5.7,10.3,11.7,20.6,13.7,26,121618,155431,33813,Very High
0500000US24031,Montgomery,Maryland,368897,3.4,2.1,4,5.2,6.2,12.2,12.1,18.4,12.5,23.9,110389,150841,40452,Very High
0500000US24033,Prince George's,Maryland,316361,4.2,2,4.6,5.8,9.5,17,15.3,21,10.7,9.9,86290,102569,16279,Very High
0500000US24037,St. Mary's,Maryland,40320,4.8,2,7,3.6,8.7,15.6,14,18.3,14.2,11.8,87947,113054,25107,Very High
0500000US24043,Washington,Maryland,56225,5.1,5.3,10.1,9.2,12.7,17.7,11.9,16,6.8,5.3,59140,78594,19454,Low
0500000US24045,Wicomico,Maryland,38088,5.1,2.9,11.2,12.1,12.2,18.6,12.6,15.9,4.2,5.1,54402,76908,22506,Very Low
0500000US24510,Baltimore city,Maryland,242694,12.3,5.4,8.6,10.6,13.1,15.1,10.1,13.5,4.7,6.8,50177,75522,25345,Very Low
0500000US25001,Barnstable,Massachusetts,96509,3.1,2.3,5,6,10.6,17.1,13.9,21.6,9.9,10.7,85042,111887,26845,Very High
0500000US25003,Berkshire,Massachusetts,53792,4.4,5.5,10.4,8.8,11.9,19.2,11,14.7,8.2,6,58895,83502,24607,Low
0500000US25005,Bristol,Massachusetts,220528,6.3,4.7,9.2,7.7,10.5,14.1,12,17.7,9.4,8.3,70402,91524,21122,High
0500000US25009,Essex,Massachusetts,297898,4.3,3.8,7.3,6.2,9,14.1,13.7,16.4,10.1,15.1,83810,115702,31892,Very High
0500000US25011,Franklin,Massachusetts,30927,3.3,5.2,11.7,8.9,11.6,21.2,10.8,16.1,6.9,4.3,60018,78555,18537,Middle
0500000US25013,Hampden,Massachusetts,179970,7.1,6.5,9.7,8.8,11.1,16.6,11.2,16.5,6.4,6,60161,81547,21386,Middle
0500000US25015,Hampshire,Massachusetts,60002,5.1,2.8,8.5,6.3,11,16.5,13.9,19,8.9,8,74778,93705,18927,High
0500000US25017,Middlesex,Massachusetts,612366,4,2.7,4.6,4.5,7.2,12.5,11.3,19,13,21.3,107056,142727,35671,Very High
0500000US25021,Norfolk,Massachusetts,269717,4.1,2.7,5.4,4.1,7.5,11.4,11.2,20.5,12.9,20.3,107361,143929,36568,Very High
0500000US25023,Plymouth,Massachusetts,191041,3.7,3.7,5.4,6.1,7.6,14.9,12.9,19.9,11.1,14.6,90880,120462,29582,Very High
0500000US25025,Suffolk,Massachusetts,309945,9.4,5.4,6.5,5.9,8,13.3,10.5,15.2,10.9,14.9,77558,116061,38503,Very High
0500000US25027,Worcester,Massachusetts,316162,4.8,4.1,6.5,7.4,10,15.1,12.8,18.4,10.4,10.6,78345,101636,23291,Very High
0500000US26005,Allegan,Michigan,43667,4.1,3,8.4,9.2,12.5,20,16.2,19.2,3.9,3.5,66278,78236,11958,High
0500000US26017,Bay,Michigan,44887,7.3,3.7,9.1,12.5,18,15.9,13.3,12.1,4.9,3.2,49610,67223,17613,Very Low
0500000US26021,Berrien,Michigan,61809,7.1,3.4,12.2,10.6,16.6,15.4,10.1,14.2,5.8,4.7,50153,76451,26298,Very Low
0500000US26025,Calhoun,Michigan,53827,5.7,4.6,10.6,13.5,16.3,16.5,12.4,12.9,3.7,3.8,49055,68474,19419,Very Low
0500000US26037,Clinton,Michigan,30070,5.4,1.5,6.3,9.4,12.4,18.4,11.9,17.4,9.8,7.6,69651,90001,20350,High
0500000US26045,Eaton,Michigan,44420,2.6,2.8,6.8,8.7,13.9,22.2,14.7,17.7,6.3,4.2,65409,83245,17836,High
0500000US26049,Genesee,Michigan,169247,8.6,4.9,9.8,10.9,15.3,19.1,12,11.6,4.2,3.4,50389,67405,17016,Very Low
0500000US26055,Grand Traverse,Michigan,37408,2.9,1.4,9.7,9.4,14.1,19.6,16.9,14.2,5,6.9,65266,89263,23997,High
0500000US26065,Ingham,Michigan,114534,7.3,4.6,10.4,10.6,13.7,18,11.6,13.8,5.2,4.8,54395,73701,19306,Very Low
0500000US26073,Isabella,Michigan,24690,11.5,6.2,12.1,11.9,12.4,17.3,11.7,9.7,4,3.1,45201,62070,16869,Very Low
0500000US26075,Jackson,Michigan,61403,7.1,5.4,8.9,10,14.6,16.7,16.6,12,5.2,3.5,55124,72708,17584,Low
0500000US26077,Kalamazoo,Michigan,103196,7.9,3.8,7,11.1,13.8,18.4,14.6,11.3,6.4,5.8,56441,79173,22732,Low
0500000US26081,Kent,Michigan,245437,4.3,3.4,8,8.1,13.1,19.3,14.6,17.1,6.1,6.1,66532,87827,21295,High
0500000US26087,Lapeer,Michigan,33902,5.4,3,7.9,5.9,14.8,19.2,16,15.9,7.8,4.1,66263,81767,15504,High
0500000US26091,Lenawee,Michigan,38499,6.5,2.7,8.4,12.8,16.2,20.4,11.9,13.6,3.8,3.8,53865,69443,15578,Very Low
0500000US26093,Livingston,Michigan,73502,1.9,1.7,6.1,6,9.8,17.3,14.4,21.9,10.3,10.4,86512,108976,22464,Very High
0500000US26099,Macomb,Michigan,351666,4.4,3.4,7.9,9.8,12.2,19.4,14.4,17.3,6.5,4.5,64947,80511,15564,Middle
0500000US26103,Marquette,Michigan,27981,4,4.2,9.2,8.8,17.4,23.2,14.6,12.4,2.9,3.2,55148,68330,13182,Low
0500000US26111,Midland,Michigan,34350,5.4,3.9,6.7,7.4,13.3,17.5,15.8,14.9,7.8,7.3,69872,91373,21501,High
0500000US26115,Monroe,Michigan,60875,5.1,3.6,9.5,9.9,10.7,19,13,18.2,6.2,4.6,62839,82402,19563,Middle
0500000US26121,Muskegon,Michigan,66148,5.5,5.3,11.8,11.8,15.2,19.7,14.1,11.1,2.9,2.7,50366,66691,16325,Very Low
0500000US26125,Oakland,Michigan,508464,3.8,3.2,6.3,7.1,9.7,15.9,13.8,17.9,9.7,12.7,81190,111724,30534,Very High
0500000US26139,Ottawa,Michigan,105004,3.2,1.9,8.1,6.7,13,20.6,14.9,17.8,8.2,5.5,68817,88831,20014,High
0500000US26145,Saginaw,Michigan,79050,6.9,4.5,11.7,12.8,16.1,18,10.9,11.6,4.3,3.3,48303,70446,22143,Very Low
0500000US26147,St. Clair,Michigan,63806,4.9,4.5,7.8,11.7,12.8,18.2,13,16.7,6.5,4,59837,76638,16801,Low
0500000US26155,Shiawassee,Michigan,26830,4.8,4.9,9.3,9.8,15.1,18.9,15.6,14.3,5.5,1.7,55249,70485,15236,Low
0500000US26159,Van Buren,Michigan,30974,4.9,3,9.5,13.2,12.6,18.4,18.7,13.1,4,2.7,60549,70135,9586,Middle
0500000US26161,Washtenaw,Michigan,141680,5.7,3.9,5.6,7.3,9.2,17.4,13.2,16.7,8.6,12.4,76576,107685,31109,Very High
0500000US26163,Wayne,Michigan,689270,10,5.1,10.3,10.5,13.3,18.2,10.9,12.2,4.9,4.6,50753,70465,19712,Very Low
0500000US27003,Anoka,Minnesota,131858,2.3,1.9,5.4,5.5,10.2,17.8,17.1,21.8,10,8.1,83353,101333,17980,Very High
0500000US27013,Blue Earth,Minnesota,26461,7,3.5,8.6,6.9,14.8,18.2,16.7,16.3,5.2,2.8,61133,75171,14038,Middle
0500000US27019,Carver,Minnesota,38860,2.2,2.2,4.2,5.1,8.1,13.5,13,21.5,12.4,17.9,101434,127548,26114,Very High
0500000US27035,Crow Wing,Minnesota,28012,5.7,3.6,9.2,9.5,12.4,22.7,14.2,14.7,4.3,3.8,60534,74086,13552,Middle
0500000US27037,Dakota,Minnesota,162895,3.5,1.9,4.7,6,10.3,15.7,13.6,22.4,10.6,11.5,88864,109318,20454,Very High
0500000US27053,Hennepin,Minnesota,517091,4.4,3.6,5.5,6.5,9.8,15.4,14.4,17.4,10,13.1,82369,112406,30037,Very High
0500000US27109,Olmsted,Minnesota,65635,2.3,2.5,5.7,7.5,11.6,17.7,12.5,19.6,9.7,10.8,80096,106347,26251,Very High
0500000US27123,Ramsey,Minnesota,206124,5.4,3.5,6.9,7.6,13,17.7,12.9,18.2,7.6,7,68871,90789,21918,High
0500000US27131,Rice,Minnesota,22861,4.2,4.7,6.1,6,12,17.5,18,17.9,6.7,6.8,72469,94139,21670,High
0500000US27137,St. Louis,Minnesota,86448,6.9,4.8,9.5,7.4,12.5,20.3,12.7,17.2,4.6,4.1,60434,74937,14503,Middle
0500000US27139,Scott,Minnesota,51474,1.2,2.1,2.8,5,9.7,13.4,11.2,23.3,13.9,17.4,108761,132258,23497,Very High
0500000US27141,Sherburne,Minnesota,32686,2.4,1.6,4.5,4.4,7.7,18.2,13.3,28.8,8.9,10.1,96210,112341,16131,Very High
0500000US27145,Stearns,Minnesota,59776,3.6,4.1,7.4,9.7,11.5,20.6,15.5,15.6,7.7,4.2,66558,82412,15854,High
0500000US27163,Washington,Minnesota,97059,3.1,1.8,4.4,4.4,7.5,14.5,13.9,23.3,12.5,14.6,100596,131166,30570,Very High
0500000US27171,Wright,Minnesota,49443,2.9,2.6,3.5,3.8,9.9,17.1,14.8,25.9,12.5,7.1,91707,104504,12797,Very High
0500000US28033,DeSoto,Mississippi,65220,2.5,2.8,8.3,8.6,13.1,20.2,16,16.6,7.8,4,66078,82611,16533,High
0500000US28035,Forrest,Mississippi,27340,9.5,8.7,11.4,15.7,15.9,19,6.5,7.5,2.9,3,39063,57488,18425,Very Low
0500000US28047,Harrison,Mississippi,74628,8.4,4.6,13.4,11.1,12.4,18.9,10.7,13.7,3.8,3.1,50119,65457,15338,Very Low
0500000US28049,Hinds,Mississippi,88471,9.1,5.7,13.7,9.9,15.5,20.5,9.8,9.6,3.5,2.8,44964,61797,16833,Very Low
0500000US28059,Jackson,Mississippi,56323,3.7,4.6,10,13.5,15.1,16.9,14.1,13.3,4.5,4.1,52476,76123,23647,Very Low
0500000US28067,Jones,Mississippi,24178,10.5,5.5,19.6,10.5,11.8,19.4,6.4,10.1,3.2,2.9,37594,60497,22903,Very Low
0500000US28075,Lauderdale,Mississippi,29367,12.2,7.9,15.9,12.2,11.3,15.7,9.4,10.8,1.5,3.1,37497,60357,22860,Very Low
0500000US28081,Lee,Mississippi,30378,6.2,5.3,11.4,11.2,16.2,16.9,12.6,10,4.3,5.9,49715,74109,24394,Very Low
0500000US28089,Madison,Mississippi,40046,3.9,1.5,9.5,9.4,14,15.2,11.9,15.7,10.9,8,68171,96063,27892,High
0500000US28121,Rankin,Mississippi,57011,3.3,3.2,9.1,8.3,10.3,22.4,14.6,17,6.7,5,67012,82605,15593,High
0500000US29019,Boone,Missouri,70721,8.4,3.6,9.6,8.7,13.7,16.7,14.1,13.5,5.1,6.6,57013,77332,20319,Low
0500000US29021,Buchanan,Missouri,33984,7.7,5.8,15,11.2,12.1,18.7,11.8,12,2.5,3.1,46922,62181,15259,Very Low
0500000US29031,Cape Girardeau,Missouri,31335,4.9,6.3,10.1,10.4,12.3,19.7,15.1,13.5,3.6,4.3,57908,76207,18299,Low
0500000US29037,Cass,Missouri,40544,1.5,5.6,8.8,5.4,11.3,18.2,16.3,19.5,7.6,5.7,72819,89307,16488,High
0500000US29043,Christian,Missouri,33227,4.4,6.4,8.1,10.1,11.8,18.3,15.2,15,5.7,5.1,62765,78788,16023,Middle
0500000US29047,Clay,Missouri,93066,3.2,2.2,7,8.2,14.6,18.6,14,20.3,7.5,4.5,70253,85262,15009,High
0500000US29051,Cole,Missouri,31437,7.3,4.1,7.8,6.4,12.6,23.1,14.6,17.6,2.8,3.6,61371,76584,15213,Middle
0500000US29071,Franklin,Missouri,42161,3.4,4.2,6.7,10.3,16.2,18.4,18.8,14.5,4.5,3.1,60953,74262,13309,Middle
0500000US29077,Greene,Missouri,133900,9.2,3.9,14.2,12.4,15,18.8,10.5,10.3,3.3,2.4,43752,63870,20118,Very Low
0500000US29095,Jackson,Missouri,292571,7.3,3.9,10.2,8.8,13,18.7,12.8,15,5.7,4.5,57936,75915,17979,Low
0500000US29097,Jasper,Missouri,45019,7.9,7.4,11.1,13.3,14.6,21.3,9.9,9.1,3,2.5,45010,60613,15603,Very Low
0500000US29099,Jefferson,Missouri,83841,3.4,2.2,8.2,9.7,12.4,19.1,17.3,16.9,7.5,3.3,69009,79374,10365,High
0500000US29165,Platte,Missouri,40332,2.1,2.6,4.7,9.1,13,14.8,13.1,20.6,10,9.9,81712,100478,18766,Very High
0500000US29183,St. Charles,Missouri,150668,2.1,1.7,4.6,4.8,11.1,16,16.1,23.2,9.8,10.6,89146,106947,17801,Very High
0500000US29187,St. Francois,Missouri,24021,6.6,7.3,12.3,11.9,18.1,18.1,12.9,8.8,2.2,1.9,42390,59361,16971,Very Low
0500000US29189,St. Louis,Missouri,410842,5,2.8,7.7,7.8,11.9,17.7,12.6,16.1,7.8,10.6,70022,103189,33167,High
0500000US29510,St. Louis city,Missouri,146779,11.7,7.8,9.5,10.3,12.9,18.8,10.7,9.7,4.7,3.9,47176,64422,17246,Very Low
0500000US30013,Cascade,Montana,32816,6.7,6,12.5,8.2,15,20.2,14,11.8,2.7,2.8,51227,64362,13135,Very Low
0500000US30029,Flathead,Montana,40681,3.2,4.5,6.1,9.8,17,20.7,14.9,13.8,7.2,2.8,62588,78594,16006,Middle
0500000US30031,Gallatin,Montana,46990,4.1,3.6,7.1,8.2,9.4,17.2,15.8,20.9,6.7,7,75418,97931,22513,Very High
0500000US30049,Lewis and Clark,Montana,27405,3.8,4.4,12,7.5,13.1,14.8,14.4,17.9,6,6.3,67616,88558,20942,High
0500000US30063,Missoula,Montana,50853,4.7,5.6,9,7.5,16,20.3,13.7,12.4,5.7,5.2,57347,78557,21210,Low
0500000US30111,Yellowstone,Montana,69989,4.1,3.4,12.4,7.5,12.8,19.9,11.8,14.5,7.2,6.3,61186,88264,27078,Middle
0500000US31055,Douglas,Nebraska,222819,5.3,3.3,7.7,8,11.9,19,14.4,16.8,6.8,6.9,67133,89637,22504,High
0500000US31109,Lancaster,Nebraska,128385,5.1,3.4,7.8,9.6,13.7,20.8,12.4,14.5,6.1,6.5,61175,84839,23664,Middle
0500000US31153,Sarpy,Nebraska,68947,2.3,2.8,5.8,4.9,9.9,16.3,17.7,22.8,9.4,8,83720,100778,17058,Very High
0500000US32003,Clark,Nevada,813607,6.6,3.8,7.7,8.3,13.2,19,13.6,15.3,6,6.5,62107,85925,23818,Middle
0500000US32031,Washoe,Nevada,191091,4.2,3.7,8.2,6.8,11,17.7,14.8,18.8,7,7.8,71881,97948,26067,High
0500000US33005,Cheshire,New Hampshire,29698,4.9,2.7,7.1,7.8,15.6,18.2,16,18.7,3.6,5.4,66088,80523,14435,High
0500000US33009,Grafton,New Hampshire,35780,6,5.8,7.7,9.1,13.9,17.4,11.3,15,4,9.9,60588,89633,29045,Middle
0500000US33011,Hillsborough,New Hampshire,162588,3.4,3.1,5.1,6.7,10,16.4,12.6,21,10.8,10.9,83626,104958,21332,Very High
0500000US33013,Merrimack,New Hampshire,60017,3,4.6,6.5,7.6,11.4,16.1,16.1,18,9.2,7.4,76218,93295,17077,Very High
0500000US33015,Rockingham,New Hampshire,124212,3.2,1.4,5.6,4.5,9.8,16.1,13.5,19.5,12,14.5,91249,122403,31154,Very High
0500000US33017,Strafford,New Hampshire,50584,4.1,2.9,6.3,7.8,9.6,20.8,12.9,19.4,9.4,6.8,71765,91811,20046,High
0500000US34001,Atlantic,New Jersey,101975,6.5,3.7,8.9,8.2,13,16.8,12,16.2,7.5,7.2,63389,93192,29803,Middle
0500000US34003,Bergen,New Jersey,343733,3.4,1.9,4.5,4.6,8.1,12,11.4,19.5,12.7,21.8,108827,147611,38784,Very High
0500000US34005,Burlington,New Jersey,170074,2.5,1.5,5.6,5.6,9.3,17,14.8,19.7,11.3,12.9,88797,114940,26143,Very High
0500000US34007,Camden,New Jersey,187780,6.2,3.4,7.5,7.6,9.8,16.5,11.8,18.6,8.4,10.1,73672,100804,27132,High
0500000US34009,Cape May,New Jersey,40939,4.2,3.3,6.8,8.6,13.2,16.2,12.1,16.6,8.5,10.5,69980,98993,29013,High
0500000US34011,Cumberland,New Jersey,51360,7.5,4.9,9.4,9.2,10.6,21.9,10.8,16.8,4.5,4.3,54587,82821,28234,Very Low
0500000US34013,Essex,New Jersey,295976,8.4,4.3,7.8,8.3,10.3,16.4,10.6,13.5,7.3,13,64626,106759,42133,Middle
0500000US34015,Gloucester,New Jersey,106705,3.8,2.6,6.5,7.1,8,14.7,14,19.8,11.7,11.8,89447,107975,18528,Very High
0500000US34017,Hudson,New Jersey,266664,6.2,4.7,7.3,6.2,9.4,14.5,12.1,16.7,8.8,14.1,78808,110580,31772,Very High
0500000US34019,Hunterdon,New Jersey,47901,1.8,1.4,3.5,6.2,5.7,13.3,10.8,19.7,13.3,24.2,116155,154256,38101,Very High
0500000US34021,Mercer,New Jersey,130851,8.2,3.6,6,6.7,7.8,15.3,11.4,17.2,9,14.9,79492,115317,35825,Very High
0500000US34023,Middlesex,New Jersey,285906,4.2,2.4,5.5,5.2,9,13.7,12.8,19.9,12.1,15.2,93418,117164,23746,Very High
0500000US34025,Monmouth,New Jersey,240377,4.4,2.4,4.8,6.3,6.7,12.2,11.4,19.5,11.7,20.7,102870,143028,40158,Very High
0500000US34027,Morris,New Jersey,184885,2.5,1.6,4.7,4.4,7.1,12.3,10.6,18.8,12.9,25,116283,154989,38706,Very High
0500000US34029,Ocean,New Jersey,226725,3.1,2.4,8,7.7,10.2,18,13.8,19.7,8.8,8.3,76093,97772,21679,Very High
0500000US34031,Passaic,New Jersey,168059,4.9,4.1,7.2,7.6,8.9,15.9,13.2,18,9.7,10.5,77040,99414,22374,Very High
0500000US34033,Salem,New Jersey,24404,2.9,6.4,9.9,6.2,12.3,19.2,11,14.8,10,7.4,68531,90349,21818,High
0500000US34035,Somerset,New Jersey,122606,2.6,1.8,3,4.2,7.1,13.4,12.7,17.5,12.5,25.1,111587,152445,40858,Very High
0500000US34037,Sussex,New Jersey,54099,2.9,1.1,4.2,4.5,6.4,15.9,14.1,22.1,13.3,15.6,101130,124822,23692,Very High
0500000US34039,Union,New Jersey,192848,4.1,2.6,6.8,6.6,10.7,16.9,12,15.8,9.5,14.9,80339,116947,36608,Very High
0500000US34041,Warren,New Jersey,42397,3.8,3.6,4.9,6.4,10.2,15.4,16.7,18.2,10.8,10,84479,102202,17723,Very High
0500000US35001,Bernalillo,New Mexico,271307,7.9,5.1,9.3,9.5,12.6,18.2,12.5,13.4,5.8,5.7,56115,78477,22362,Low
0500000US35005,Chaves,New Mexico,24671,9.1,7.8,13.6,10.6,16.8,15.6,9.7,9.9,5.1,1.8,42003,58875,16872,Very Low
0500000US35013,Do√±a Ana,New Mexico,79094,11.6,7,14.1,10.2,12.1,18.4,11,9.9,3.4,2.3,43038,57842,14804,Very Low
0500000US35025,Lea,New Mexico,24478,10.7,2.1,7.7,8.3,9.6,16.7,21.5,14.8,5.5,3.2,68457,78848,10391,High
0500000US35031,McKinley,New Mexico,21719,15.9,6.7,11.1,12,15.6,16.1,10.8,7.6,2.8,1.3,37153,49716,12563,Very Low
0500000US35035,Otero,New Mexico,24133,6.6,4.3,18,17.6,14.5,17.9,9.8,6.5,3.2,1.7,39371,54602,15231,Very Low
0500000US35043,Sandoval,New Mexico,53251,3.5,2.9,6,6.3,14.2,18.9,17.2,18.1,5.4,7.7,71997,89341,17344,High
0500000US35045,San Juan,New Mexico,42561,8.7,5,12.7,13.7,15.5,20.9,8.8,9.8,2.8,2.2,44321,60348,16027,Very Low
0500000US35049,Santa Fe,New Mexico,62182,6.7,4,8,10.4,12.5,17.7,12.9,13.2,6.4,8.3,61298,88182,26884,Middle
0500000US35061,Valencia,New Mexico,24829,8,6.4,10.3,8.8,6.3,22.2,15,11.6,6.3,5.1,60601,73874,13273,Middle
0500000US36001,Albany,New York,128284,5.1,5.1,6.6,8.6,11,16.1,12.5,19.1,8.7,7.3,69953,91080,21127,High
0500000US36005,Bronx,New York,513890,14.7,8.5,11.8,9.1,12.3,16.9,9.6,10,3.8,3.3,41432,59664,18232,Very Low
0500000US36007,Broome,New York,79309,8.1,5.6,11.7,9.4,13.7,17.8,13.3,12.2,4.3,3.9,52010,68572,16562,Very Low
0500000US36009,Cattaraugus,New York,33056,6.3,7.8,11.6,9.7,13.4,19.7,14.8,9.7,4,2.9,50912,64706,13794,Very Low
0500000US36011,Cayuga,New York,31489,5.9,3.5,9.2,7.8,15.2,19.6,14.2,13.8,7.4,3.3,58665,78177,19512,Low
0500000US36013,Chautauqua,New York,55345,8.9,6.5,13.9,8.2,12.4,16.3,11.9,15.1,4.5,2.6,50272,65136,14864,Very Low
0500000US36015,Chemung,New York,33490,8.8,3.8,8,8.2,12.6,20.5,14.2,15.7,5.5,2.9,60782,73297,12515,Middle
0500000US36019,Clinton,New York,31422,9.4,3.3,7.4,8.9,11.5,21.9,14.7,13.1,6.9,2.9,60198,81738,21540,Middle
0500000US36027,Dutchess,New York,110529,4.7,3.4,7.5,6.8,8.1,15.1,11.2,20.1,10.5,12.7,85901,112299,26398,Very High
0500000US36029,Erie,New York,398326,6.6,4.5,9.4,9.5,12,18.2,12.9,14.3,6.9,5.7,60652,79972,19320,Middle
0500000US36045,Jefferson,New York,41214,6.6,4.6,8.9,10.5,14.7,20.3,14.8,13.5,3.2,2.8,53917,67368,13451,Very Low
0500000US36047,Kings,New York,978091,7.9,5.6,8.7,7.6,9.9,14.6,11.3,14.8,8.2,11.4,66937,99472,32535,High
0500000US36051,Livingston,New York,23409,7.4,3.6,9.8,8.8,13,20.6,12.8,13.5,5.8,4.8,59173,75881,16708,Low
0500000US36053,Madison,New York,25986,4.6,2.3,11.8,6.1,14.8,16.6,14.6,17.6,4.2,7.4,62918,88100,25182,Middle
0500000US36055,Monroe,New York,305284,5.7,4.3,9.4,9.1,12.1,17.3,13.1,15.8,7,6.2,62103,84666,22563,Middle
0500000US36059,Nassau,New York,449798,3,1.7,5.1,3.9,6.5,11.5,10.5,18.5,14.3,25,118453,157774,39321,Very High
0500000US36061,New York,New York,768203,9.2,4.4,6.2,5.2,6.4,10.6,9.7,14,9.1,25.1,93651,170453,76802,Very High
0500000US36063,Niagara,New York,90625,7.9,4.9,9.4,9.4,13.5,16.7,13.2,15.3,5.8,4,56304,73374,17070,Low
0500000US36065,Oneida,New York,90273,4.7,5.7,10.7,8.2,13.9,18.5,12.9,14.3,6.8,4.3,57391,75821,18430,Low
0500000US36067,Onondaga,New York,183218,8.1,4.3,8.4,7.3,13.1,17.5,13.1,15.2,6.1,6.8,61577,83860,22283,Middle
0500000US36069,Ontario,New York,46025,4.8,3.4,6.3,8.2,10.4,21.8,13.5,16,7.7,7.9,66568,92560,25992,High
0500000US36071,Orange,New York,131421,5,4,7.6,4.4,9.4,13.7,14,20.1,10.2,11.4,84458,105297,20839,Very High
0500000US36075,Oswego,New York,46640,4.1,5.9,11.1,8.4,12.8,18.3,14.7,17,4.4,3.4,58459,74434,15975,Low
0500000US36079,Putnam,New York,34470,2.2,1.1,3.3,5.4,6.9,10.5,16.2,24.6,12.6,17.2,106204,132523,26319,Very High
0500000US36081,Queens,New York,784552,5.6,3.7,6.6,7.9,10.5,16.3,12.9,17.8,9.5,9.3,73696,96631,22935,High
0500000US36083,Rensselaer,New York,65790,5.5,3.3,6.9,8.8,11.3,16.5,14.4,18.4,9.8,5.1,71574,85141,13567,High
0500000US36085,Richmond,New York,166297,3.9,3.3,5.9,5.6,10.4,14.7,10.1,21,11.3,13.8,89821,113245,23424,Very High
0500000US36087,Rockland,New York,101424,3.5,3,5.9,4.6,8.6,12.7,11,20.9,10.9,18.9,100916,133396,32480,Very High
0500000US36089,St. Lawrence,New York,42832,8.5,6.9,10.7,10.7,12,15.3,12.2,15.1,5.5,3.1,52108,68320,16212,Very Low
0500000US36091,Saratoga,New York,93547,2,3.3,5.1,6.6,10.7,15.5,12.5,21,13.1,10.1,89932,105941,16009,Very High
0500000US36093,Schenectady,New York,62534,4.4,4.4,7.3,9.3,11.4,18.7,11.3,19.4,7.2,6.6,65773,85444,19671,High
0500000US36101,Steuben,New York,39283,6.2,5.1,12.6,10.5,12.5,17.7,11.7,17,3.2,3.5,52951,70353,17402,Very Low
0500000US36103,Suffolk,New York,499744,2.9,1.9,4.5,4.7,7.5,13.1,12,21.1,13.3,18.9,106228,138724,32496,Very High
0500000US36105,Sullivan,New York,28960,8.5,6,7.6,8.9,11.3,17.8,13.5,15.3,6.9,4.3,60137,75269,15132,Middle
0500000US36109,Tompkins,New York,40322,10.1,3.4,8.5,8.9,12.9,18,9.3,13.5,5.8,9.6,58626,92501,33875,Low
0500000US36111,Ulster,New York,69376,5.8,4.6,9.5,7.8,11.7,15.7,13,16.5,8.5,6.9,64087,87755,23668,Middle
0500000US36113,Warren,New York,29593,5.2,4.9,7.3,9.7,12.9,18.2,11.6,15.4,7.4,7.4,64985,83323,18338,Middle
0500000US36117,Wayne,New York,36634,7.1,4.9,7.3,11.1,11.2,17.6,14.5,16.3,4.9,5.2,61730,80472,18742,Middle
0500000US36119,Westchester,New York,355136,5.4,3.2,4.5,5.1,8.1,11.3,10.9,16.8,9.6,25,101908,160616,58708,Very High
0500000US37001,Alamance,North Carolina,64316,6.1,6.6,8.1,10.9,12,21.1,14.6,12,4.4,4.1,58490,71555,13065,Low
0500000US37019,Brunswick,North Carolina,58385,4.8,4.6,5.7,9.6,13.1,19.8,14.6,16.7,5.6,5.4,63668,84495,20827,Middle
0500000US37021,Buncombe,North Carolina,106741,4,5.1,12.1,10.5,13.2,19.1,12.6,12.6,5.4,5.3,54970,77162,22192,Very Low
0500000US37023,Burke,North Carolina,36634,6.2,4.9,13.2,11.9,15.9,22.1,9.8,10.9,2.6,2.4,47361,61903,14542,Very Low
0500000US37025,Cabarrus,North Carolina,68798,4.2,3.4,6.6,6.5,12.6,18.5,14.2,16.6,7.6,9.9,72333,94073,21740,High
0500000US37027,Caldwell,North Carolina,32513,4.1,5.4,12.3,15.1,15.2,17.9,15.2,10.6,3.1,1.2,48737,60360,11623,Very Low
0500000US37031,Carteret,North Carolina,28962,6.7,3.4,8.5,10.5,14.2,17.8,12.3,15.1,6.9,4.6,60186,81705,21519,Middle
0500000US37035,Catawba,North Carolina,62417,9.8,3.6,9.1,9.9,15.6,19.4,12.1,12.4,3.3,4.9,52436,72498,20062,Very Low
0500000US37037,Chatham,North Carolina,30674,2.1,4.5,12.7,6.4,13.3,16.5,11.5,15.1,7.2,10.8,66857,99098,32241,High
0500000US37045,Cleveland,North Carolina,30599,9.6,6.2,12.6,11,14.9,18.8,11.6,9.2,3.4,2.6,44987,62849,17862,Very Low
0500000US37049,Craven,North Carolina,42221,5,3.4,11.2,16.1,12.8,15,12.2,16,4,4.3,52832,71562,18730,Very Low
0500000US37051,Cumberland,North Carolina,128135,9,5.1,10.8,11.7,17.9,17.6,11.2,11.3,3.2,2.3,46292,61315,15023,Very Low
0500000US37057,Davidson,North Carolina,69938,7.6,4.5,10.2,13.4,11.7,20.3,13.4,11.9,3.9,3.1,53473,65792,12319,Very Low
0500000US37063,Durham,North Carolina,131140,5.9,3.7,6.5,9.3,13.3,17.1,14.4,15,7.1,7.8,65317,86730,21413,High
0500000US37067,Forsyth,North Carolina,148151,7.7,4.4,12,10.9,13.1,17.4,12.5,11.9,4.9,5.2,52017,74136,22119,Very Low
0500000US37069,Franklin,North Carolina,26720,3.8,3.7,7.8,6.5,19.2,21.3,14.6,14.1,6.7,2.3,57099,71093,13994,Low
0500000US37071,Gaston,North Carolina,85705,5.2,5.6,10.5,9.7,13.9,18.7,12.7,15.2,4.9,3.6,56595,73164,16569,Low
0500000US37081,Guilford,North Carolina,206950,7.4,4.6,9.6,9.8,14.8,17,12.4,13.9,5.3,5.3,55328,78134,22806,Low
0500000US37085,Harnett,North Carolina,46416,6.3,5.6,12.3,10.6,10.7,19.7,15.1,13.9,3.6,2.3,55753,64066,8313,Low
0500000US37089,Henderson,North Carolina,51115,2.8,4.9,10.6,9.5,12.7,20.6,15.5,13.7,4.8,4.8,62131,77779,15648,Middle
0500000US37097,Iredell,North Carolina,68145,3.1,3.4,8.4,9.6,10.9,19,15.1,15.8,6.6,8.2,68660,90976,22316,High
0500000US37101,Johnston,North Carolina,73567,7.1,3.7,8.4,8,14.5,15.7,13,18.4,5.1,6.2,60951,82143,21192,Middle
0500000US37109,Lincoln,North Carolina,34418,4.8,4.8,4.9,11.7,11.1,17.8,13.1,12.7,12.1,6.9,71514,89203,17689,High
0500000US37119,Mecklenburg,North Carolina,426313,4.5,3.4,6.5,8.2,12.9,18.5,13.1,15.2,6.9,10.9,69072,102553,33481,High
0500000US37125,Moore,North Carolina,41530,5.2,3.3,10.7,8.7,10.8,20.3,14.4,14.5,6.4,5.6,62469,82882,20413,Middle
0500000US37127,Nash,North Carolina,37574,7.8,6,11.5,10.1,13.5,21.5,10.5,13.6,3.3,2.2,50656,67195,16539,Very Low
0500000US37129,New Hanover,North Carolina,100189,7.1,4.3,10.1,7.9,15.4,16.5,10.5,14.8,6.1,7.3,56382,82471,26089,Low
0500000US37133,Onslow,North Carolina,63604,8.4,1.9,11.4,10.1,18.8,19.9,11.5,10.9,5.1,2,49544,67207,17663,Very Low
0500000US37135,Orange,North Carolina,55259,8.7,3.1,5.1,7.5,12.2,13.8,10.8,15,9.7,14,74299,110759,36460,High
0500000US37147,Pitt,North Carolina,70926,8.5,5.4,10.7,8.5,13,21.1,11.1,13.2,4,4.4,53401,72458,19057,Very Low
0500000US37151,Randolph,North Carolina,56117,6.6,5.6,12.2,9.7,16.3,21.9,13.6,10,3.2,0.9,49742,59175,9433,Very Low
0500000US37155,Robeson,North Carolina,46272,16.3,9.6,13.1,10.9,16.1,14.5,8.9,7.3,2.3,1,35035,48129,13094,Very Low
0500000US37157,Rockingham,North Carolina,38462,7.8,10.2,13.4,10.5,14.5,19.1,12,8.5,2.1,1.8,43230,53588,10358,Very Low
0500000US37159,Rowan,North Carolina,55241,4.4,5.5,13.6,9.8,14.5,21.5,12.8,11.4,3.7,2.8,51927,65593,13666,Very Low
0500000US37161,Rutherford,North Carolina,27970,4.3,8,13.5,12.8,17.5,18.3,10.4,9.1,2.1,3.9,44361,63090,18729,Very Low
0500000US37171,Surry,North Carolina,28408,9.8,5.7,15.8,7.8,11.5,17.7,13.7,14,1.5,2.6,49250,61869,12619,Very Low
0500000US37179,Union,North Carolina,77954,3.3,2.1,6,6.2,9.7,16.7,13.3,18.8,9.5,14.5,85985,113242,27257,Very High
0500000US37183,Wake,North Carolina,419361,3.6,2.1,6,7.2,10.3,15.6,13.1,19.1,11.2,11.8,84215,111123,26908,Very High
0500000US37191,Wayne,North Carolina,48482,8.6,5.9,8.9,13.2,19.7,17.3,13.9,8.2,2.6,1.8,44596,59250,14654,Very Low
0500000US37193,Wilkes,North Carolina,28376,7.8,4.1,17.1,10.6,15.4,16.3,11.3,12.8,3.5,1.2,43290,59466,16176,Very Low
0500000US37195,Wilson,North Carolina,32384,13.5,9.3,12.9,9.7,13.1,13.1,8.7,12.6,4.5,2.6,38830,59009,20179,Very Low
0500000US38015,Burleigh,North Dakota,38438,4,4.8,6.5,6.7,11.7,18.1,12.6,21.2,6.5,8,72494,96490,23996,High
0500000US38017,Cass,North Dakota,78736,6.2,5,7.5,9.3,11.9,18.8,13.2,14.9,6.1,7.2,62218,84236,22018,Middle
0500000US38035,Grand Forks,North Dakota,31506,7.1,4.5,11.8,13.3,7.4,20.5,12.8,14.2,3.9,4.5,56622,72083,15461,Low
0500000US38101,Ward,North Dakota,28908,3.5,3.6,6.2,8.4,15,15.6,18.1,20.4,5,4.5,71415,85522,14107,High
0500000US39003,Allen,Ohio,40460,5.4,3.7,8.8,10.6,14.8,21.5,17.4,12.7,2.5,2.6,60429,67471,7042,Middle
0500000US39007,Ashtabula,Ohio,39490,7.5,5.2,13.5,14.3,12.2,20.6,11.1,10,3.4,2.2,44580,65566,20986,Very Low
0500000US39009,Athens,Ohio,22659,10.7,7.7,10.3,13.3,11.8,16.5,10,12.8,4.6,2.2,41851,62186,20335,Very Low
0500000US39013,Belmont,Ohio,25651,6.3,5.4,8.9,12,17.6,20.8,9,12.1,3.7,4.2,49780,67033,17253,Very Low
0500000US39017,Butler,Ohio,140141,6.3,3.2,7.5,7.4,11.1,18,15,15.7,9,6.8,68584,88973,20389,High
0500000US39023,Clark,Ohio,54406,7.7,4.3,10.1,13,14.6,18.7,12.4,12.3,4.5,2.3,50128,66192,16064,Very Low
0500000US39025,Clermont,Ohio,80041,3.9,3.4,8.5,6.4,13.2,18.2,11.8,18.5,8.3,7.7,67744,92601,24857,High
0500000US39029,Columbiana,Ohio,40560,7.3,5.5,9.7,10.5,12.4,21.8,14.6,14.2,2.5,1.5,53542,63169,9627,Very Low
0500000US39035,Cuyahoga,Ohio,549471,8.5,5.7,10.4,9.9,12.9,18.2,11.7,12.6,4.8,5.4,52423,75382,22959,Very Low
0500000US39041,Delaware,Ohio,73290,2.2,1.1,5.7,5.4,7.7,11.4,11.8,22.2,12.9,19.6,107854,135296,27442,Very High
0500000US39043,Erie,Ohio,30308,6.8,2.9,7.5,8.7,14.8,19.2,16.1,16.5,4.7,2.7,60653,81492,20839,Middle
0500000US39045,Fairfield,Ohio,59031,2.8,3,8,9.4,10.2,19.3,13.8,19.2,7.3,7,71469,89741,18272,High
0500000US39049,Franklin,Ohio,522383,5.4,3.3,9,8.2,12.1,19.5,12.7,16,7.1,6.7,64713,87764,23051,Middle
0500000US39055,Geauga,Ohio,35439,2.5,2.3,5.6,10.1,10.4,17.5,13.3,18.9,9.1,10.3,77391,104403,27012,Very High
0500000US39057,Greene,Ohio,66154,4.1,2.8,8.2,9.6,13.3,16.3,13.7,15.6,8.5,7.7,67394,90009,22615,High
0500000US39061,Hamilton,Ohio,347235,7.7,4.2,9.9,8.8,10.7,16.8,11.2,15.5,6.9,8.4,60198,89581,29383,Middle
0500000US39063,Hancock,Ohio,32490,4.4,2.9,10.2,9.1,15.1,17.7,14.1,13.7,6.9,5.9,60944,85029,24085,Middle
0500000US39081,Jefferson,Ohio,27515,9.6,6,11,7.9,17.6,17.4,11.8,13.1,3.9,1.7,47445,61257,13812,Very Low
0500000US39085,Lake,Ohio,96967,2.8,4,8.3,8.3,14,20.3,15.5,16.4,6.2,4.2,64076,79074,14998,Middle
0500000US39089,Licking,Ohio,66604,4.7,4.1,7.9,9.4,10.4,19.4,13.1,17.6,6.5,6.9,66013,88327,22314,High
0500000US39093,Lorain,Ohio,120299,6.6,5.7,9.1,9.5,12.3,17.7,13.4,14.8,5.4,5.5,58686,77894,19208,Low
0500000US39095,Lucas,Ohio,182105,10.4,4.6,11,11.6,13,16.8,11.2,12.4,5.1,3.8,49448,70287,20839,Very Low
0500000US39099,Mahoning,Ohio,100057,8.3,6.6,11.5,12.2,13.8,16.6,12.8,11.9,3.1,3.2,47170,63363,16193,Very Low
0500000US39101,Marion,Ohio,25013,7,6.7,7.9,11.6,16.2,19.7,12.1,10.7,3.6,4.6,50608,75598,24990,Very Low
0500000US39103,Medina,Ohio,70450,3.2,2,5.7,7.6,12.5,17.9,13.4,20.8,8.8,8,76468,97415,20947,Very High
0500000US39109,Miami,Ohio,41273,4,3.7,10.5,8.7,12.8,18.7,13.9,18.4,5,4.2,62451,80018,17567,Middle
0500000US39113,Montgomery,Ohio,224831,7.2,4,10.9,10.8,13.1,18.6,13.8,13.7,4.1,3.8,54537,72781,18244,Very Low
0500000US39119,Muskingum,Ohio,33342,7.1,5,10.3,13.6,12.7,19.2,14.2,11.3,4.3,2.3,51844,65255,13411,Very Low
0500000US39133,Portage,Ohio,61018,6.1,4,10,8.6,15.5,18.8,12.4,15.7,5,4,56679,74539,17860,Low
0500000US39139,Richland,Ohio,49812,6.2,3.6,13.1,10,14.9,21.8,15.2,10.9,2.6,1.6,51783,65660,13877,Very Low
0500000US39141,Ross,Ohio,28365,7.9,5.9,9.5,13.9,8.9,17.8,16.9,12.7,3.4,3.3,55717,70298,14581,Low
0500000US39145,Scioto,Ohio,29319,9.9,8.8,10.6,8.1,15.5,14.4,15.9,10.7,3.9,2.3,45571,60213,14642,Very Low
0500000US39151,Stark,Ohio,154280,6.1,4.6,10.5,10.2,14.3,19.9,12.4,14.1,4.2,3.8,55499,71726,16227,Low
0500000US39153,Summit,Ohio,224629,6.8,4.2,9.4,11,13.2,18.3,12.2,12.7,5.9,6.2,57364,82501,25137,Low
0500000US39155,Trumbull,Ohio,84159,7.9,6.5,10.6,11.5,16.2,21.7,10.1,9.5,2.8,3.2,47087,63876,16789,Very Low
0500000US39157,Tuscarawas,Ohio,36788,6,4.1,10.2,11.8,13.8,22.4,14.4,12.9,1.9,2.5,53616,66584,12968,Very Low
0500000US39165,Warren,Ohio,84460,2.2,1.7,4.2,3.8,10.4,18.2,14.4,19,11.4,14.7,90837,123325,32488,Very High
0500000US39169,Wayne,Ohio,44589,4.6,5.4,7.2,11.8,13.6,21.5,13.4,14.7,4.3,3.5,57458,72370,14912,Low
0500000US39173,Wood,Ohio,51353,5.3,3.4,8.8,8.9,11.6,19.9,14.8,12.4,8.5,6.3,63791,82303,18512,Middle
0500000US40017,Canadian,Oklahoma,46005,3.6,1.9,5.4,9.6,11.7,18.6,18.8,18.7,6.5,5.2,73635,86545,12910,High
0500000US40027,Cleveland,Oklahoma,108673,6.5,3.1,7.8,8.1,11.9,19.3,13.5,18.8,6.2,4.7,64290,83314,19024,Middle
0500000US40031,Comanche,Oklahoma,41843,6.3,5.6,10.3,10.9,15.5,18.9,12.2,15.2,3.1,2,51300,66189,14889,Very Low
0500000US40037,Creek,Oklahoma,26561,5.6,5.6,10,10.8,13.3,19.9,14.5,11.4,4.9,3.9,54969,71024,16055,Very Low
0500000US40101,Muskogee,Oklahoma,26842,8.8,7.5,10.9,15.1,13.5,17.7,8.9,12,2.9,2.7,42450,64738,22288,Very Low
0500000US40109,Oklahoma,Oklahoma,305493,6.8,4.6,9.5,8.9,14,18.7,12.2,13,5.8,6.5,56235,83009,26774,Low
0500000US40119,Payne,Oklahoma,31788,13.9,5,13.9,10.1,16.4,14.2,12,8.4,2.5,3.4,41272,57813,16541,Very Low
0500000US40125,Pottawatomie,Oklahoma,25655,6.7,6.3,12.4,7.2,12.6,22.3,12.6,12.9,4.4,2.5,53511,69393,15882,Very Low
0500000US40131,Rogers,Oklahoma,35531,3.7,3.6,7.3,7.2,12.5,23,15,16.4,6.3,5.1,66132,83199,17067,High
0500000US40143,Tulsa,Oklahoma,255352,6.6,4,9.5,10.1,13.3,18.3,12.1,13.4,5.7,7,57483,84293,26810,Low
0500000US40145,Wagoner,Oklahoma,29837,3.1,4,9,8.2,12.5,20.5,14.7,16.4,6.9,4.8,64319,83348,19029,Middle
0500000US41003,Benton,Oregon,37378,8.8,4.3,5.6,8.6,8.4,17.2,12.7,17.5,10.7,6.2,70835,88001,17166,High
0500000US41005,Clackamas,Oregon,161295,4.2,2.4,5.1,7,10.8,17.7,13.2,18.8,9.7,11.1,80294,106184,25890,Very High
0500000US41017,Deschutes,Oregon,76528,6.8,2.4,4.9,8.5,12.2,16.5,15.3,17.7,7.9,7.6,71643,91480,19837,High
0500000US41019,Douglas,Oregon,46186,5.2,3.1,9.9,14.2,19.2,20,12.3,9.9,4,2.2,48585,63462,14877,Very Low
0500000US41029,Jackson,Oregon,87800,6.7,4.8,9.4,10.3,14.4,17.1,14.2,13.3,4.9,4.9,56450,73949,17499,Low
0500000US41033,Josephine,Oregon,35206,5,3.4,15.3,10.5,17.9,19.8,10.5,12,3.1,2.6,47573,63233,15660,Very Low
0500000US41035,Klamath,Oregon,29357,6.8,6.9,10.8,9.1,11.8,22.6,11.8,13,4.9,2.4,56348,68806,12458,Low
0500000US41039,Lane,Oregon,155696,6.2,5.1,10.2,10,13.6,17.4,13.2,14.7,5.1,4.5,57325,77180,19855,Low
0500000US41043,Linn,Oregon,49407,3.5,3.7,9.9,9.9,14.1,17.5,16.1,17.1,5.3,2.7,61488,74582,13094,Middle
0500000US41047,Marion,Oregon,121061,4.2,4.3,7.6,8.9,13.4,20.7,14.1,16,7.1,3.7,64306,78396,14090,Middle
0500000US41051,Multnomah,Oregon,337903,5.9,3.5,6.5,6.5,11.4,17.3,12.4,18,8.5,10,72900,99033,26133,High
0500000US41053,Polk,Oregon,31224,4.9,3.9,6.3,7.1,11.2,17,12.8,24.2,7.6,4.9,72914,87386,14472,High
0500000US41059,Umatilla,Oregon,27538,3.4,4.6,11.1,9.2,14.2,17.9,13.6,15.5,5.2,5.4,60425,75934,15509,Middle
0500000US41067,Washington,Oregon,222877,4.4,2.4,4.5,6.1,8.7,17.5,14.8,18.6,11.6,11.5,85734,109231,23497,Very High
0500000US41071,Yamhill,Oregon,36323,5.6,3.6,6.1,5.6,11.6,20.4,15.3,18.8,8.2,4.8,72904,84219,11315,High
0500000US42001,Adams,Pennsylvania,38703,2.6,3.2,9.3,8.1,13.2,18,17.4,16.2,6.7,5.2,67715,84262,16547,High
0500000US42003,Allegheny,Pennsylvania,553858,6.4,3.6,8.4,8.6,11.9,17.5,12.7,16.1,7,7.9,64871,91448,26577,Middle
0500000US42005,Armstrong,Pennsylvania,29095,3.1,5.7,12.2,8.2,15.3,22.6,13.6,12.6,4.2,2.5,57636,68661,11025,Low
0500000US42007,Beaver,Pennsylvania,70745,5.2,4.8,9.9,8.7,14.3,17.5,13.7,15.2,6.8,3.8,60672,75836,15164,Middle
0500000US42011,Berks,Pennsylvania,154696,5,3.1,7.8,7.6,13.7,18.1,13.6,19.3,6.6,5.2,67708,84720,17012,High
0500000US42013,Blair,Pennsylvania,52497,6.5,4.8,10,11.7,15.9,17.5,12.6,13.2,5.1,2.8,51004,69143,18139,Very Low
0500000US42017,Bucks,Pennsylvania,240491,3,1.9,7,5.4,8.7,14.1,12.9,20.3,12,14.8,93767,120851,27084,Very High
0500000US42019,Butler,Pennsylvania,77920,6.2,3.3,6.9,7.6,11,16.4,12.9,18.6,7.4,9.7,72262,95378,23116,High
0500000US42021,Cambria,Pennsylvania,56490,8,7.1,10.8,10.8,14,18.2,13.8,11.6,3.3,2.3,49076,63805,14729,Very Low
0500000US42025,Carbon,Pennsylvania,27107,3.6,3.4,8,9.9,14,18.9,16,16.7,5.3,4.1,61111,82287,21176,Middle
0500000US42027,Centre,Pennsylvania,58963,6.8,3.7,10.1,8.8,11,19.4,12.4,14.6,6.5,6.8,60706,82780,22074,Middle
0500000US42029,Chester,Pennsylvania,193234,3.2,2,4.5,4.8,7.7,15.1,11.8,17.9,12,21,102016,144892,42876,Very High
0500000US42033,Clearfield,Pennsylvania,31990,5.5,6.2,11.1,12.4,18.6,19.7,13,10.8,2,0.7,45643,57924,12281,Very Low
0500000US42037,Columbia,Pennsylvania,26219,8.3,5.6,7.1,10.6,14.7,18.2,13.4,13.6,5.3,3.1,54570,70858,16288,Very Low
0500000US42039,Crawford,Pennsylvania,35387,5,5.7,11.3,11.1,17.5,17,16.2,9.8,4.4,1.9,49428,63237,13809,Very Low
0500000US42041,Cumberland,Pennsylvania,101823,3.2,2.8,6.2,8.7,10.6,18,16.2,18.6,7.4,8.3,75391,95404,20013,Very High
0500000US42043,Dauphin,Pennsylvania,113905,6.6,2.8,9.4,9.8,12.5,19.7,14.1,15,5,5.2,60733,80460,19727,Middle
0500000US42045,Delaware,Pennsylvania,209502,5.2,2.9,6.7,8.8,10.3,14.7,12.4,17.2,9,12.8,77339,110612,33273,Very High
0500000US42049,Erie,Pennsylvania,110128,8.1,4.7,11.8,9.8,13.6,18.6,12.8,13.6,3.5,3.5,51818,68095,16277,Very Low
0500000US42051,Fayette,Pennsylvania,54955,7.6,7.5,10.9,11.5,14.2,16,12.4,13.9,3.3,2.7,48509,68078,19569,Very Low
0500000US42055,Franklin,Pennsylvania,60260,2.9,2.8,8.2,10.6,15.3,18,18.7,15.9,4.4,3.3,62484,76869,14385,Middle
0500000US42063,Indiana,Pennsylvania,30704,6.1,5.6,10.8,10.4,14.9,16.3,11.8,16.8,5.4,1.9,51914,69974,18060,Very Low
0500000US42069,Lackawanna,Pennsylvania,88154,5.6,5.8,11.2,9.5,14.1,17.4,14.5,13,4.1,4.7,53826,73211,19385,Very Low
0500000US42071,Lancaster,Pennsylvania,204701,4.7,3.3,7.4,7.1,13,19.9,16,16.5,5.7,6.5,67376,88819,21443,High
0500000US42073,Lawrence,Pennsylvania,37282,7.3,5.5,9.5,13.4,13.8,17.3,14.2,11.5,4.3,3.3,50547,68125,17578,Very Low
0500000US42075,Lebanon,Pennsylvania,53861,4,3.5,8.9,11.6,11,21.1,14.6,14.7,7.1,3.5,61204,75913,14709,Middle
0500000US42077,Lehigh,Pennsylvania,137847,4.6,3.8,8.6,8.1,13.5,17.4,13.3,17,7.2,6.4,65667,86780,21113,High
0500000US42079,Luzerne,Pennsylvania,130890,7,5.2,9.9,11,13.9,19.7,13.2,12.3,4.6,3.2,53972,68764,14792,Very Low
0500000US42081,Lycoming,Pennsylvania,44842,5.6,4.8,12.1,12,11,19,14.3,13.8,3.8,3.5,53881,71332,17451,Very Low
0500000US42085,Mercer,Pennsylvania,46427,5.3,5.8,10.2,10.8,13.4,19.3,14,14.8,4.2,2.1,54543,67630,13087,Very Low
0500000US42089,Monroe,Pennsylvania,56274,5.6,3.5,6.3,10.4,13.3,17.3,13.7,17,8.1,4.8,62413,84254,21841,Middle
0500000US42091,Montgomery,Pennsylvania,321373,3,2,5.5,6.2,8.2,14.6,13.9,18.9,11.5,16.1,92302,127054,34752,Very High
0500000US42095,Northampton,Pennsylvania,114950,4.1,2.4,6.4,9.1,10.2,18.2,14.8,19.9,7.2,7.7,74328,93381,19053,High
0500000US42097,Northumberland,Pennsylvania,38592,5.6,5.6,9.8,15.5,15.9,19.3,11.2,12.1,3.4,1.6,47349,60685,13336,Very Low
0500000US42101,Philadelphia,Pennsylvania,619505,12.2,6.6,9.7,9.9,13.3,16.3,10.8,10.5,5.1,5.7,47474,72748,25274,Very Low
0500000US42107,Schuylkill,Pennsylvania,58242,5,6.1,10.5,9.2,12.9,20.6,15.3,14,4,2.4,56295,68557,12262,Low
0500000US42111,Somerset,Pennsylvania,29456,5.9,4.3,13.4,10.8,17.3,17.4,13.1,13.1,2.8,1.9,48895,62567,13672,Very Low
0500000US42125,Washington,Pennsylvania,86716,5.1,5.5,7,8.6,12.6,16.8,12.9,15.8,7.9,7.7,65431,88498,23067,High
0500000US42129,Westmoreland,Pennsylvania,155147,7.2,3.9,9.1,9.3,13.7,17.9,14,14.1,5.9,5,59073,77715,18642,Low
0500000US42133,York,Pennsylvania,175441,4.3,3.1,8,7.4,12.3,19.4,14.2,19,6.9,5.4,69172,85972,16800,High
0500000US44003,Kent,Rhode Island,70166,4.1,2.7,7.8,6.5,9.6,19.9,15.4,19.7,7.7,6.6,74474,92956,18482,High
0500000US44005,Newport,Rhode Island,33690,5.9,1.7,5.5,7.4,9.8,15.1,13.6,18,10.5,12.5,81652,120476,38824,Very High
0500000US44007,Providence,Rhode Island,237518,6.7,5.8,8.7,8,12,16.7,14.2,15.9,6.7,5.4,62994,80824,17830,Middle
0500000US44009,Washington,Rhode Island,48051,3.2,3.1,4.3,8.8,8.4,14.6,11,22.4,11.9,12.4,90003,114130,24127,Very High
0500000US45003,Aiken,South Carolina,67889,6.5,6.2,11.8,7,14.4,18.4,13.9,12.8,5.3,3.6,55634,70238,14604,Low
0500000US45007,Anderson,South Carolina,75825,5.5,5.1,11.5,10.3,13.4,18.9,13,13.4,3.4,5.6,54322,75079,20757,Very Low
0500000US45013,Beaufort,South Carolina,73043,3.8,2.4,4.9,10.2,12.9,16.6,13.8,15,8.2,12.1,74127,109158,35031,High
0500000US45015,Berkeley,South Carolina,80640,5.7,2.8,6,8,12.2,19.4,14.8,20.8,5.7,4.7,69398,88180,18782,High
0500000US45019,Charleston,South Carolina,165568,6.7,2.6,7.9,6.1,11.2,17.3,12.3,16,8.4,11.4,71531,104326,32795,High
0500000US45031,Darlington,South Carolina,24801,7.3,7.4,17.6,10.1,11.6,13.3,11.6,13.7,4.4,3,44606,62715,18109,Very Low
0500000US45035,Dorchester,South Carolina,57768,3.2,3.6,6,9.6,14.8,16.9,15.3,17.9,8.1,4.5,68200,82692,14492,High
0500000US45041,Florence,South Carolina,53047,10.1,5,9.2,10,15.6,17.8,12,12.9,3.8,3.5,50082,67730,17648,Very Low
0500000US45045,Greenville,South Carolina,199551,5.4,3.2,7.3,9.6,14,17.6,13.1,15.4,6.7,7.7,64412,89338,24926,Middle
0500000US45047,Greenwood,South Carolina,28544,10.6,5,14.5,12,15.5,18.2,10.1,8.6,2.9,2.7,42148,60025,17877,Very Low
0500000US45051,Horry,South Carolina,140260,4.6,3.9,8.9,11.3,16.8,22.1,12.7,11.9,4.2,3.6,53694,70581,16887,Very Low
0500000US45055,Kershaw,South Carolina,24544,10,4.9,10.5,8.4,13.5,14.1,12.3,17.1,5.5,3.8,55198,70638,15440,Low
0500000US45057,Lancaster,South Carolina,35410,6,6.9,9.3,5,10.6,22,13.2,13.5,6.7,6.8,63924,82785,18861,Middle
0500000US45059,Laurens,South Carolina,25901,10.6,5.1,13.8,8.7,13.5,20.9,10.9,9.1,4.5,3,47218,67205,19987,Very Low
0500000US45063,Lexington,South Carolina,118193,4.9,4.1,9.6,8.5,13.7,16.8,14.1,15,6.9,6.4,61631,83728,22097,Middle
0500000US45073,Oconee,South Carolina,31530,10.6,3.1,7.1,11.8,18.2,14.8,14.2,11.1,5.3,3.7,48204,74520,26316,Very Low
0500000US45075,Orangeburg,South Carolina,32129,15.3,9.1,10.2,12.5,15.9,14.4,9.5,9.8,2.4,0.9,37701,52664,14963,Very Low
0500000US45077,Pickens,South Carolina,48203,6.7,5.6,11.6,10.2,14.1,19.8,13.3,13,3.2,2.7,52190,66080,13890,Very Low
0500000US45079,Richland,South Carolina,153484,9.7,3.5,9.9,9.3,14.7,16.4,12,12.7,6.6,5,52293,76348,24055,Very Low
0500000US45083,Spartanburg,South Carolina,121256,5.8,5.1,9.9,10,13.1,21.7,13.3,12.7,4.4,4,55339,71932,16593,Low
0500000US45085,Sumter,South Carolina,44105,9.7,4.6,12.3,6.8,15.2,21.8,13.1,11.1,3.6,1.8,51025,61173,10148,Very Low
0500000US45091,York,South Carolina,108400,3.6,2.8,6.9,9.1,14.2,17.6,12.5,16.8,9.2,7.4,66949,93013,26064,High
0500000US46099,Minnehaha,South Dakota,81046,4,3.2,7.6,9.9,13.1,21.4,13.4,14.9,7.2,5.4,61968,81628,19660,Middle
0500000US46103,Pennington,South Dakota,44676,3.9,6,12.6,9.4,10.1,18.9,13.2,16.2,4.7,4.8,58085,77493,19408,Low
0500000US47001,Anderson,Tennessee,30175,7.6,5.6,10.6,10.4,16.7,17.8,13,11.1,4,3.3,49044,65367,16323,Very Low
0500000US47009,Blount,Tennessee,50813,5.5,4.3,10.2,8.5,13.7,18.3,14.8,16.2,4.3,4.1,59276,75208,15932,Low
0500000US47011,Bradley,Tennessee,39992,6.4,9.4,7,9.5,15.4,16.1,14.9,15.5,2.4,3.5,52468,66632,14164,Very Low
0500000US47037,Davidson,Tennessee,289427,5,3.4,7.3,8.5,13.9,18.7,14,15,6,8.2,63938,92592,28654,Middle
0500000US47059,Greene,Tennessee,28323,7.5,5.2,14.4,12.9,15.1,17.7,13.6,8.6,3,1.9,44722,60317,15595,Very Low
0500000US47065,Hamilton,Tennessee,148157,5.2,4.7,9.8,9.2,14.1,18,12.5,14.4,6,6.1,57502,82222,24720,Low
0500000US47093,Knox,Tennessee,191925,7.1,3.7,10.1,9.2,12.4,17.3,13.6,14.6,5.3,6.7,60283,83334,23051,Middle
0500000US47113,Madison,Tennessee,38930,8.3,5.5,12.4,9.1,14.9,21.8,9.7,13.5,2.8,2.1,49820,61377,11557,Very Low
0500000US47119,Maury,Tennessee,37104,3.8,4.9,6.3,9.4,11.9,20.1,17.1,15.6,7.1,3.7,66781,80635,13854,High
0500000US47125,Montgomery,Tennessee,76974,5,4.1,6.2,10.8,18.3,19.7,12.6,15.1,5.4,2.7,56948,71883,14935,Low
0500000US47141,Putnam,Tennessee,31778,6.1,6.5,15.8,8.7,13.8,20.8,13.7,6.1,5.6,2.8,49282,63818,14536,Very Low
0500000US47147,Robertson,Tennessee,26577,4.2,3.4,8.4,8.7,12.1,20.8,13.3,15.9,10,3.1,66939,83276,16337,High
0500000US47149,Rutherford,Tennessee,113797,3,2.8,6.8,9,13.1,20.8,14,18.4,7.7,4.3,69397,85374,15977,High
0500000US47155,Sevier,Tennessee,37933,6.2,3.6,12.6,10.1,12.4,20,15,12.6,3.7,3.8,57741,71579,13838,Low
0500000US47157,Shelby,Tennessee,353950,8.1,6.1,9.8,10.3,13.2,17,11.2,12.7,4.5,7,52614,80016,27402,Very Low
0500000US47163,Sullivan,Tennessee,68560,7,4.8,10.9,9.6,16.1,20,11.7,13.4,3.6,2.9,51860,69377,17517,Very Low
0500000US47165,Sumner,Tennessee,70098,2.6,2.4,5.5,8.1,15.3,20.6,14.9,17.8,6.5,6.5,68743,94687,25944,High
0500000US47179,Washington,Tennessee,55817,9.9,6.2,8.8,12,12.2,17.6,10,13.5,4.8,5,51428,73919,22491,Very Low
0500000US47187,Williamson,Tennessee,84393,2.2,1.3,4.5,4.2,7.5,11.6,11.6,20.1,13.6,23.5,115507,155149,39642,Very High
0500000US47189,Wilson,Tennessee,51618,2.8,2.3,5.9,6.7,12,17,13.4,23.5,8.1,8.4,80071,99956,19885,Very High
0500000US48005,Angelina,Texas,32293,6.1,4.1,11.2,9.9,15.3,24,12.6,10.7,3.1,2.9,53320,63188,9868,Very Low
0500000US48021,Bastrop,Texas,26393,6.3,5.2,12.3,6.1,12.1,18.3,16.4,13.5,5.9,3.8,57938,78946,21008,Low
0500000US48027,Bell,Texas,126772,7.1,4.8,9.8,9.9,13.5,19.8,13,12.5,5.1,4.5,54560,73912,19352,Very Low
0500000US48029,Bexar,Texas,646352,6.6,3.9,9.1,9.5,13.1,19.7,12.8,14.1,6,5.3,58964,79424,20460,Low
0500000US48037,Bowie,Texas,34935,9.2,4.6,10.9,10.7,12.6,21.8,10.8,12.2,2.6,4.6,51802,72703,20901,Very Low
0500000US48039,Brazoria,Texas,129261,2.3,2.5,6.4,6.4,9.4,17.3,14.8,20.7,11.3,8.9,84904,105432,20528,Very High
0500000US48041,Brazos,Texas,79971,11.5,4,9.9,8.3,12.6,16.8,14,11.9,4.4,6.5,55121,76849,21728,Low
0500000US48061,Cameron,Texas,129307,9.3,8.2,13.9,13.1,12.7,15.8,10.7,11.2,2.6,2.7,41123,57625,16502,Very Low
0500000US48085,Collin,Texas,363599,3.2,1.5,4.1,5.2,10.1,14.1,13.5,20.8,12.6,14.9,96134,122503,26369,Very High
0500000US48091,Comal,Texas,57004,4,2.3,4.2,7,9.4,14.5,15,18.9,12.9,11.7,89315,114102,24787,Very High
0500000US48099,Coryell,Texas,22093,7.8,3.6,5.7,13.7,14.5,23.9,12.7,9.9,6,2.3,53504,68947,15443,Very Low
0500000US48113,Dallas,Texas,940587,6.2,3.2,7.7,8.7,14.3,19.3,12.4,14.5,5.6,8.1,61796,91752,29956,Middle
0500000US48121,Denton,Texas,305164,2.9,1.8,4.4,5.3,8.6,17.5,13.9,20.1,11.2,14.4,90523,119046,28523,Very High
0500000US48135,Ector,Texas,53155,4,3.8,9.4,7.7,12.4,17,13,18.7,8,5.9,67205,84688,17483,High
0500000US48139,Ellis,Texas,61465,4.2,2.6,5.5,9.1,8.6,17.3,15.3,20.9,8.5,8,78797,95244,16447,Very High
0500000US48141,El Paso,Texas,269150,9.2,5.5,10.5,11.5,14.2,20.7,10.7,11.9,3.4,2.4,48903,62655,13752,Very Low
0500000US48157,Fort Bend,Texas,253030,2.7,1.9,4.2,6.2,8.6,13.7,11.9,20.7,13,17.2,101293,126968,25675,Very High
0500000US48167,Galveston,Texas,127092,5.3,2.2,8.7,7.5,9.6,16.7,11.2,20.1,8.6,10.1,74977,97586,22609,High
0500000US48181,Grayson,Texas,49024,5.2,5.4,10.2,10.9,11.6,20.2,12.9,14.3,4.5,4.9,57476,74491,17015,Low
0500000US48183,Gregg,Texas,45711,5,4.7,12.6,10.3,12.2,18.4,14.4,10.6,7.5,4.3,53793,76229,22436,Very Low
0500000US48187,Guadalupe,Texas,56051,3.1,1.8,5.6,6.7,12,16.7,16,22.5,10.1,5.5,79768,94096,14328,Very High
0500000US48201,Harris,Texas,1647384,6.1,3.4,8.8,9.2,12.7,18.1,12,14.1,6.8,8.9,61618,92488,30870,Middle
0500000US48203,Harrison,Texas,24197,12.3,3.1,10.2,8.3,10.8,13.7,17.6,13.7,5.8,4.6,58817,79498,20681,Low
0500000US48209,Hays,Texas,77749,4.7,4,6.4,5.8,12.6,18.4,14.4,15.3,9.4,9,72058,95570,23512,High
0500000US48213,Henderson,Texas,30607,9.6,4.3,12.9,10,11.8,20.9,13.3,9.9,2.8,4.6,51521,69813,18292,Very Low
0500000US48215,Hidalgo,Texas,247544,11,7,14,11.3,14.2,16.3,9.7,10.7,3,2.8,41800,58371,16571,Very Low
0500000US48231,Hunt,Texas,35093,7,3.5,10.9,9.4,10.5,22.6,13.8,12.9,5.2,4.2,58063,70814,12751,Low
0500000US48245,Jefferson,Texas,89273,9,4,10.8,8.2,14.1,18.6,12.3,11.7,5.3,6.1,55797,73960,18163,Low
0500000US48251,Johnson,Texas,59113,4.8,3.1,7.6,7.7,12.4,19.5,16.4,16.8,7.5,4.1,66319,81926,15607,High
0500000US48257,Kaufman,Texas,39835,3.5,3.8,4.4,8,11.9,17.9,14.8,20.5,9.2,6,75775,90256,14481,Very High
0500000US48291,Liberty,Texas,27367,9.8,5,13.2,10.1,11.8,15.5,13,10,6.7,4.9,50049,68005,17956,Very Low
0500000US48303,Lubbock,Texas,117494,6.7,5.5,9.7,10,13.4,19,11.2,14.8,5.2,4.6,55003,75106,20103,Low
0500000US48309,McLennan,Texas,93021,8.8,6.4,9.5,9.1,15.4,16.3,11.5,13.6,4.1,5.3,50845,69956,19111,Very Low
0500000US48329,Midland,Texas,59325,5.7,2.3,9.3,4.2,8.6,15.5,11,20.4,9.8,13.2,82558,107722,25164,Very High
0500000US48339,Montgomery,Texas,209528,3,1.8,6.6,6.9,10.2,14.2,11.7,18.4,12,15.4,88695,120306,31611,Very High
0500000US48347,Nacogdoches,Texas,24722,7.9,7.2,15.2,9.1,15,18.5,9.4,11.9,3.8,2,47572,62423,14851,Very Low
0500000US48355,Nueces,Texas,131194,6.2,6.9,10.1,9.4,11.6,16,13.4,16.7,5.6,4.1,56789,73358,16569,Low
0500000US48361,Orange,Texas,31913,5,5.8,8.8,6.8,9.7,16.5,11.3,20,10.1,6,69052,86537,17485,High
0500000US48367,Parker,Texas,43520,3.8,4.5,8.2,4.8,7.5,14.8,15.7,22.2,10.3,8.1,83262,100470,17208,Very High
0500000US48375,Potter,Texas,44180,10.3,6,15.8,15.2,13.6,16,6.6,12.1,2.5,1.9,37297,53195,15898,Very Low
0500000US48381,Randall,Texas,50261,3.9,2.6,8.9,8.5,11.9,17.3,14.8,19.1,6.7,6.2,70651,89410,18759,High
0500000US48397,Rockwall,Texas,36665,1.3,0.2,4,1.6,6.5,20.3,14.1,19.4,16.5,15.9,103378,133824,30446,Very High
0500000US48409,San Patricio,Texas,21872,7.3,6.2,9.7,9.3,12.4,13.8,12.4,17.1,6.1,5.9,57899,78550,20651,Low
0500000US48423,Smith,Texas,78600,5.4,3.1,11.2,8.3,13.8,19.7,13.4,15.3,5.1,4.7,59584,79183,19599,Low
0500000US48439,Tarrant,Texas,727094,4.4,3.2,6.7,8.3,12.2,18.8,13.7,16.4,7.8,8.5,70139,94469,24330,High
0500000US48441,Taylor,Texas,50282,7.2,5,8.7,10.2,13.8,20.2,13.8,13.6,4.1,3.4,55351,73223,17872,Low
0500000US48451,Tom Green,Texas,43604,5.1,5.7,9.5,11.9,11.6,18.3,11.7,16.9,5.3,4,55988,76496,20508,Low
0500000US48453,Travis,Texas,507751,5.4,2.2,5.8,6.2,10.7,16.1,13.2,17.5,9.8,13.1,80726,114226,33500,Very High
0500000US48469,Victoria,Texas,30058,4.3,6.9,11.1,9.4,11.7,17.5,15.1,12.2,7.2,4.6,57358,77910,20552,Low
0500000US48471,Walker,Texas,22201,9.7,4.2,13.3,7.5,16.5,18.7,15,9.6,2.8,2.8,47170,61332,14162,Very Low
0500000US48479,Webb,Texas,76326,6.8,5.9,12.4,9.2,11.2,17.4,14.6,14.7,3.1,4.6,56084,71396,15312,Low
0500000US48485,Wichita,Texas,48315,8.4,4.7,11.2,7.4,15.9,19.9,13.1,13.5,3,2.9,51749,66883,15134,Very Low
0500000US48491,Williamson,Texas,193008,2.4,1.4,4.1,4.6,10.6,17.9,13.7,22,12.6,10.7,92179,109561,17382,Very High
0500000US48497,Wise,Texas,22882,3.5,3.1,3.2,10.1,8.3,22.8,13.3,18,9.1,8.5,71421,93845,22424,High
0500000US49005,Cache,Utah,40206,5.3,4.5,6.6,9.8,13.3,20.8,15.4,15.5,4.8,4,62507,76347,13840,Middle
0500000US49011,Davis,Utah,109358,1.9,1.7,4.4,5,9.2,19.4,17.6,22.8,9.9,8.1,87427,104887,17460,Very High
0500000US49035,Salt Lake,Utah,384692,3.9,2.6,5.4,6.1,10,18.6,15.7,19.5,9.7,8.4,80119,101876,21757,Very High
0500000US49045,Tooele,Utah,21292,2.8,2.6,3.3,6.8,8.7,23,16.8,26,6.2,3.8,80973,87638,6665,Very High
0500000US49049,Utah,Utah,178152,2.8,2.1,6.3,7.2,10.4,18.3,15.3,21.4,8.6,7.7,79545,99329,19784,Very High
0500000US49053,Washington,Utah,63144,1.9,4.6,8.4,10.6,11.4,21.1,15.1,14.6,6,6.4,63595,88888,25293,Middle
0500000US49057,Weber,Utah,87863,3.1,2.9,5.4,8.4,11.4,20.7,18.4,18.1,5.9,5.6,72206,87362,15156,High
0500000US50007,Chittenden,Vermont,68516,6.2,3.5,4.6,7.1,9.8,17.3,13.6,18.7,9.1,10.3,76806,98519,21713,Very High
0500000US51003,Albemarle,Virginia,43754,3.1,2.9,5.7,5.3,9.3,16.5,14.6,16.3,11.9,14.4,86399,120456,34057,Very High
0500000US51013,Arlington,Virginia,111887,4.3,2.1,3.7,3.2,5,13.4,10.6,18.8,14.8,24,119755,158886,39131,Very High
0500000US51015,Augusta,Virginia,29951,3,3,7.3,7.3,18.6,20,16.1,17.2,5.3,2.2,62668,75789,13121,Middle
0500000US51019,Bedford,Virginia,31390,5,2.8,6.9,10.1,12.9,16.4,16.5,16.2,6.6,6.7,69125,89999,20874,High
0500000US51041,Chesterfield,Virginia,128920,2.3,2.4,5.2,8.3,9.5,18.6,13,22.6,9,9.2,81297,101694,20397,Very High
0500000US51059,Fairfax,Virginia,400186,2.8,1.1,2.8,3.5,6.6,10.6,11.1,19.4,15.2,26.8,128374,160598,32224,Very High
0500000US51061,Fauquier,Virginia,24270,2,3.3,3.9,3.1,6.7,15,13.3,23.7,13,16.1,104809,132099,27290,Very High
0500000US51069,Frederick,Virginia,32010,3.2,2.2,4.9,7.5,8.1,16.7,17.3,24.6,10.8,4.8,86229,97434,11205,Very High
0500000US51085,Hanover,Virginia,39521,2.3,1.2,5,7.4,9.1,16.6,14.1,22.1,12.9,9.3,89812,110344,20532,Very High
0500000US51087,Henrico,Virginia,130591,4.4,2.7,8.3,7,13.7,18.3,11.3,15.3,8,11,68024,98334,30310,High
0500000US51095,James City,Virginia,30262,3,0.9,6.1,5.2,7.1,14.1,18.1,24.7,11.1,9.9,91674,110625,18951,Very High
0500000US51107,Loudoun,Virginia,133750,1.7,0.6,2.3,3.3,4.1,8.3,10.7,17.9,16.9,34.2,151800,176974,25174,Very High
0500000US51121,Montgomery,Virginia,36244,13.1,3.3,5.9,9,11.8,21.2,11.2,10.9,7.1,6.5,60045,77645,17600,Middle
0500000US51153,Prince William,Virginia,143508,2.5,1.1,3.8,4.9,6.7,12.9,13.8,23.8,12.9,17.6,106861,130059,23198,Very High
0500000US51161,Roanoke,Virginia,37506,3.5,4.3,6.5,7,9.8,21.1,13,19.2,7.4,8.2,71715,93210,21495,High
0500000US51165,Rockingham,Virginia,30462,2.1,1.7,6.5,9.7,17.2,18.7,17.5,14.7,6.4,5.6,69423,84655,15232,High
0500000US51177,Spotsylvania,Virginia,46427,3.5,2.6,5.3,6.1,10.5,13.3,13.1,24.1,11.1,10.4,91073,106950,15877,Very High
0500000US51179,Stafford,Virginia,48092,3,0.7,2.3,3.5,8.1,14,14.4,19.4,19.1,15.5,110446,128826,18380,Very High
0500000US51199,York,Virginia,26008,3.5,3.4,5.3,3.4,6.9,15.9,16.2,23.2,8.4,13.8,91241,113116,21875,Very High
0500000US51510,Alexandria city,Virginia,71005,1.6,1.9,3.4,5.5,6,15.2,13.7,18.4,10.9,23.5,103284,147537,44253,Very High
0500000US51550,Chesapeake city,Virginia,86878,2.4,4.1,7.4,7,9.9,18.1,12.9,21.2,10,7.1,77847,97971,20124,Very High
0500000US51650,Hampton city,Virginia,55633,4.9,5.3,8.9,8.5,17,18.8,15.1,12.1,5.1,4.6,56930,74653,17723,Low
0500000US51680,Lynchburg city,Virginia,28950,8.1,3.2,7.2,11.4,14.8,20.9,15.8,10.8,4.2,3.6,54850,69107,14257,Very Low
0500000US51700,Newport News city,Virginia,70918,8.4,4.5,9.6,8.6,15.3,20.7,13.1,12.4,4.2,3.2,53029,69805,16776,Very Low
0500000US51710,Norfolk city,Virginia,88387,9.2,4.7,9.1,11.3,12.3,20,13,11.6,5.2,3.5,53093,70842,17749,Very Low
0500000US51740,Portsmouth city,Virginia,36089,8.7,5.5,10.5,7,16.9,19,15.2,12,2,3.1,51195,67492,16297,Very Low
0500000US51760,Richmond city,Virginia,89878,10.8,6.6,10.2,8.9,12.5,17.7,10,10.6,5.6,7.1,51285,83723,32438,Very Low
0500000US51770,Roanoke city,Virginia,40810,8.5,10.4,12.5,10,12.7,18.7,9.4,10.1,3.2,4.5,45838,62891,17053,Very Low
0500000US51800,Suffolk city,Virginia,34597,4.5,2.4,7.2,6.4,10.2,15,17.5,21.4,7,8.4,80481,97510,17029,Very High
0500000US51810,Virginia Beach city,Virginia,175029,3.1,1.2,5.1,7.7,10.8,19.1,16.6,19.5,9,7.9,79054,98881,19827,Very High
0500000US53005,Benton,Washington,73678,2.3,3.2,8.9,6.6,12.7,18.2,11.9,19.7,8,8.3,72084,92334,20250,High
0500000US53007,Chelan,Washington,28974,4.7,3.1,10.2,9.7,12.8,21.5,12.6,12.8,7.9,4.8,59161,83381,24220,Low
0500000US53009,Clallam,Washington,33022,8.1,3,10.6,7.5,14.5,17.4,17.4,14.3,5.1,2,57126,68019,10893,Low
0500000US53011,Clark,Washington,180862,3.1,2.4,6,6.4,11.2,17.3,15.6,21,8.6,8.4,80555,99612,19057,Very High
0500000US53015,Cowlitz,Washington,42790,5.7,3.9,9.4,11.3,14.5,19.4,14.3,11.6,5.6,4.4,55497,75014,19517,Low
0500000US53021,Franklin,Washington,28162,6.1,1.8,8.1,10.6,10.2,22.1,10.9,16.9,9,4.3,61951,79129,17178,Middle
0500000US53025,Grant,Washington,30866,3.8,3.6,8.7,13.1,14.7,20.5,15.4,12.1,3.5,4.6,56997,72406,15409,Low
0500000US53027,Grays Harbor,Washington,29920,5.6,4,9,9,13.1,20.9,15.5,14.1,5.3,3.8,61026,77948,16922,Middle
0500000US53029,Island,Washington,35586,5.3,1.1,4.5,6.2,14.8,20.2,16.5,18.1,7.3,6,72066,90484,18418,High
0500000US53033,King,Washington,907761,4.1,2.3,4.6,4.9,7.9,13.4,11,19.3,11.6,21,102594,139525,36931,Very High
0500000US53035,Kitsap,Washington,107525,3.7,2.3,5.6,4.7,10.3,20.6,15.4,20.6,8.2,8.5,79624,97436,17812,Very High
0500000US53041,Lewis,Washington,31879,5.3,4,12,7.8,12.7,20.4,14.2,15,6.5,2.1,58911,72799,13888,Low
0500000US53045,Mason,Washington,24820,5.2,1.5,6.7,9.1,13.2,22,9.1,21,8,4.2,63983,84850,20867,Middle
0500000US53053,Pierce,Washington,333657,3.5,3,5.4,5.8,11.4,17.9,15,21.3,8.9,7.7,79243,97051,17808,Very High
0500000US53057,Skagit,Washington,49043,2.9,4.5,7.5,7.2,13.9,19.4,14.9,17.7,6.8,5.1,67175,85948,18773,High
0500000US53061,Snohomish,Washington,299827,3.1,2.8,5.1,5.4,8.3,16.5,14.9,20.2,12,11.7,89260,109561,20301,Very High
0500000US53063,Spokane,Washington,211723,5.8,4.3,8.3,8.9,14.1,20,12.7,13.5,7.3,5.1,59974,80940,20966,Low
0500000US53067,Thurston,Washington,112909,4.5,3.1,7.1,6.2,10.3,16.8,16.5,20,7.9,7.5,78512,93918,15406,Very High
0500000US53073,Whatcom,Washington,88794,4.7,3.4,8.2,8.6,9.3,20,15.9,17.2,6.9,5.9,69372,84870,15498,High
0500000US53077,Yakima,Washington,83992,5.5,3.1,11.2,10.9,14.4,18.9,15.4,12.8,4.3,3.7,56233,72179,15946,Low
0500000US54003,Berkeley,West Virginia,46395,5.6,2.6,5.9,11.2,12.4,22.7,13.4,17.2,4.9,4,62370,77564,15194,Middle
0500000US54011,Cabell,West Virginia,38040,12.4,5.8,12.3,13.2,14.8,15.5,9.6,9.4,3.9,3.1,40788,59375,18587,Very Low
0500000US54033,Harrison,West Virginia,25905,3.8,5.3,11.2,11,13.7,14.1,11.6,19.9,6.3,3.1,54314,73744,19430,Very Low
0500000US54039,Kanawha,West Virginia,78384,11.4,5,10.5,9.6,15.5,17.6,10.9,11.7,4,3.9,47759,66290,18531,Very Low
0500000US54061,Monongalia,West Virginia,40401,8.1,7.3,9.7,8.3,11.7,15.5,9.4,16.9,4.5,8.7,55940,83925,27985,Low
0500000US54081,Raleigh,West Virginia,31331,8.3,6.4,16.1,10.6,11.3,14,17.9,11,1.3,3.1,46540,63432,16892,Very Low
0500000US54107,Wood,West Virginia,34182,10.3,6.5,8.8,12.6,13.3,18.7,12.8,10.4,3.8,2.8,47944,63736,15792,Very Low
0500000US55009,Brown,Wisconsin,107385,5.1,4.1,7.3,8.1,14.8,18.3,11.8,18.1,7.8,4.6,64458,82270,17812,Middle
0500000US55025,Dane,Wisconsin,229760,3.5,3.3,6.1,7.4,10.7,17.4,14.3,20.1,8.1,9,77504,100066,22562,Very High
0500000US55027,Dodge,Wisconsin,35104,4.1,2.4,7.8,10.2,13.2,22.4,13.4,18.6,5.6,2.3,61300,75835,14535,Middle
0500000US55035,Eau Claire,Wisconsin,41385,3.7,4.6,6.3,10.3,11.6,21.2,14.5,18.3,5.6,4,65662,82285,16623,High
0500000US55039,Fond du Lac,Wisconsin,42604,2.7,3.3,8.4,7.7,13.8,20.6,14.9,19.4,6.1,3.1,65329,80169,14840,High
0500000US55055,Jefferson,Wisconsin,32783,2.4,2.8,6,11,11.5,17.8,15,20.4,7.7,5.3,71708,85726,14018,High
0500000US55059,Kenosha,Wisconsin,64187,3.6,3.7,8.9,9.3,11.7,20.2,13.1,18.3,6.6,4.5,65997,80630,14633,High
0500000US55063,La Crosse,Wisconsin,48175,3.5,5.1,8.9,9.1,14.6,22.8,13,14.5,4.6,4,58921,77894,18973,Low
0500000US55071,Manitowoc,Wisconsin,33831,2.7,5.6,10.1,6.7,17.4,19.1,16.1,14.3,4.8,3.3,60785,74016,13231,Middle
0500000US55073,Marathon,Wisconsin,54765,3.4,3.5,8.1,10,13.1,18.9,16.4,17.1,4.7,4.8,65851,81127,15276,High
0500000US55079,Milwaukee,Wisconsin,383665,7.4,4.9,11.3,9.2,14.3,17.8,12,14,4.8,4.1,53418,71436,18018,Very Low
0500000US55087,Outagamie,Wisconsin,74974,2.5,3.2,8.8,8.7,12.9,21.7,14.7,17.3,5.7,4.5,66234,80986,14752,High
0500000US55089,Ozaukee,Wisconsin,35795,2.5,1.9,4,6.7,10.3,15.8,17.7,19.3,9,12.7,88154,122526,34372,Very High
0500000US55097,Portage,Wisconsin,29063,6.1,4.2,7.7,11,15.4,17.5,13,15.5,4.3,5.2,56358,78508,22150,Low
0500000US55101,Racine,Wisconsin,78905,5,5.3,9.2,8.2,14.2,15.5,13.7,17.4,6.5,4.9,60779,80173,19394,Middle
0500000US55105,Rock,Wisconsin,65316,5.2,5.1,6.6,9.7,14.8,20.2,15.4,15.6,4.8,2.6,61243,72840,11597,Middle
0500000US55109,St. Croix,Wisconsin,34731,3.2,3.5,4.7,4.6,9.6,16.5,17.2,23.8,9.9,7,85594,102083,16489,Very High
0500000US55117,Sheboygan,Wisconsin,48691,3.1,3.1,7.3,9.3,16.1,23.4,15.7,13.5,4.7,3.8,60706,77648,16942,Middle
0500000US55127,Walworth,Wisconsin,42799,4.5,3.1,9.4,9.5,11.1,19.8,14.5,15.3,7.3,5.5,63549,85484,21935,Middle
0500000US55131,Washington,Wisconsin,55256,2.8,1.7,4.5,6.7,14,17.5,16,21.7,9.6,5.6,80513,94877,14364,Very High
0500000US55133,Waukesha,Wisconsin,160635,2.6,2,6,5.2,8.8,15.8,14.2,21.3,12.1,11.9,90548,119042,28494,Very High
0500000US55139,Winnebago,Wisconsin,71238,3.5,4.1,9.9,9.4,14.9,19.6,14.4,15.1,4.4,4.5,58347,77165,18818,Low
0500000US55141,Wood,Wisconsin,32684,4,6.6,8.2,11.9,12.8,23.8,13.3,12.1,3.5,3.9,56278,73613,17335,Low
0500000US56021,Laramie,Wyoming,41739,5.6,5,7.2,6.2,9.6,21,16.3,13.4,9.5,6.3,70567,95612,25045,High
0500000US56025,Natrona,Wyoming,33044,4.6,2.8,9.2,10.2,10.2,20.5,16.2,15.4,5.8,4.9,65034,79046,14012,High
0500000US72013,Arecibo Municipio,Puerto Rico,32090,28.6,11,20.3,16.5,11.9,8.9,1.3,0.1,0.6,0.8,18977,26509,7532,Very Low
0500000US72021,Bayam√≥n Municipio,Puerto Rico,68980,19,9.6,17.9,14.4,14.3,15.4,5.2,3,0.8,0.5,27386,36121,8735,Very Low
0500000US72025,Caguas Municipio,Puerto Rico,47669,22.9,13.3,14.4,13.7,12.1,11.8,4.9,4.4,1.4,1.1,24507,36975,12468,Very Low
0500000US72031,Carolina Municipio,Puerto Rico,58602,20.4,7.8,16.6,14.3,15.8,14.2,5,4.1,0.4,1.6,27658,40459,12801,Very Low
0500000US72061,Guaynabo Municipio,Puerto Rico,33125,14.1,6.5,14.9,10.7,13.6,12.2,11.1,6.7,4.7,5.5,37499,63720,26221,Very Low
0500000US72097,Mayag√ºez Municipio,Puerto Rico,28649,38.2,12.8,19.7,8.2,6.7,7.8,2.4,1.9,0.7,1.6,14525,30194,15669,Very Low
0500000US72113,Ponce Municipio,Puerto Rico,52837,36.3,13.5,16,9.9,9.9,6.7,2.9,2.8,1.2,1,15130,27761,12631,Very Low
0500000US72127,San Juan Municipio,Puerto Rico,138800,29.1,8.8,14.8,10.2,11.6,9.9,5.8,5.1,1.7,3.1,23005,43536,20531,Very Low
0500000US72135,Toa Alta Municipio,Puerto Rico,22650,20.1,8.2,16.8,12.8,16.3,13.5,6.7,4.4,0.8,0.3,28440,38502,10062,Very Low
0500000US72137,Toa Baja Municipio,Puerto Rico,28291,22.3,10.1,19.9,13.8,12.3,12.9,6.2,2.1,0.3,0.2,23368,31892,8524,Very Low
0500000US72139,Trujillo Alto Municipio,Puerto Rico,23263,16.3,9.5,16.1,10.2,14.4,15.6,6.6,7.5,1.1,2.6,32244,47738,15494,Very Low
